﻿{"paragraphs":[{"text":"%md\n## Regression Modeling to Predict Numerical Values\n\n#### This notebook shows how to predict numerical values using a multiple regression. Given demographic, purchase, and affinity card data for a set of customers, predict the number of years a customer remains at the same residence, as found in column YRS_RESIDENCE. Since YRS_RESIDENCE is a continuous variable, we will use the Generalized Linear Model algorithm.  \n\nUpdated August 2019 By Charlie Berger, Dhvani Sheth, Siddesh C Prabhu Dev Ujjni, Mark Hornick, Marcos Arancibia\nCopyright (c) 2019 Oracle and/or its affiliates. All rights reserved.\n","user":"MARK","dateUpdated":"2019-08-13T15:56:33+0000","config":{"colWidth":9,"editorMode":"ace/mode/markdown","editorHide":true,"graph":{"mode":"table","optionOpen":false,"keys":[],"values":[],"scatter":{},"groups":[],"height":300},"enabled":true,"results":{"0":{"graph":{"mode":"table","height":153.5,"optionOpen":false}}},"editorSetting":{"language":"md","editOnDblClick":false}},"settings":{"params":{},"forms":{}},"results":{"code":"SUCCESS","msg":[{"type":"HTML","data":"<h2>Regression Modeling to Predict Numerical Values</h2>\n<h4>This notebook shows how to predict numerical values using a multiple regression. Given demographic, purchase, and affinity card data for a set of customers, predict the number of years a customer remains at the same residence, as found in column YRS_RESIDENCE. Since YRS_RESIDENCE is a continuous variable, we will use the Generalized Linear Model algorithm.</h4>\n<p>Updated August 2019 By Charlie Berger, Dhvani Sheth, Siddesh C Prabhu Dev Ujjni, Mark Hornick, Marcos Arancibia\n<br  />Copyright (c) 2019 Oracle and/or its affiliates. All rights reserved.</p>\n"}]},"jobName":"paragraph_1565708318753_178582584","id":"20190813-145838_1412606460","dateCreated":"2018-02-06T15:02:34+0000","dateStarted":"2019-08-13T15:56:28+0000","dateFinished":"2019-08-13T15:56:28+0000","status":"FINISHED","progressUpdateIntervalMs":500,"commited":true,"focus":true,"$$hashKey":"object:144"},{"text":"%md \n<dl>\n<img src=\"https://www.oracle.com/technetwork/database/options/advanced-analytics/regression-5663170.jpg\" alt=\"OML Notebooks\" width=\"250\"/>\n</dl>\n","user":"USER07","dateUpdated":"2019-08-13T15:09:13+0000","config":{"tableHide":false,"colWidth":3,"editorMode":"ace/mode/markdown","editorHide":true,"graph":{"mode":"table","optionOpen":false,"keys":[],"values":[],"scatter":{},"groups":[],"height":300},"enabled":true,"results":{"0":{"graph":{"mode":"table","height":217.016,"optionOpen":false}}},"editorSetting":{"language":"md","editOnDblClick":false}},"settings":{"params":{},"forms":{}},"results":{"code":"SUCCESS","msg":[{"type":"HTML","data":"<dl>\n<img src=\"https://www.oracle.com/technetwork/database/options/advanced-analytics/regression-5663170.jpg\" alt=\"OML Notebooks\" width=\"250\"/>\n</dl>\n"}]},"jobName":"paragraph_1565708318753_832257471","id":"20190813-145838_1928547629","dateCreated":"2018-02-06T15:07:11+0000","dateStarted":"2019-08-13T15:09:13+0000","dateFinished":"2019-08-13T15:09:13+0000","status":"FINISHED","progressUpdateIntervalMs":500,"commited":true,"$$hashKey":"object:145"},{"text":"%md \n\nFor more information, check the Oracle ADW Documentation <https://docs.oracle.com/en/cloud/paas/autonomous-data-warehouse-cloud/index.html>\nOracle Machine Learning folder on Oracle on Github <https://github.com/oracle/oracle-db-examples/tree/master/machine-learning>\nOracle Machine Learning web page: <https://www.oracle.com/database/technologies/datawarehouse-bigdata/machine-learning.html>\nIntroducing Oracle Machine Learning blog post: <https://blogs.oracle.com/datamining/introducing-oracle-machine-learning-sql-notebooks-for-the-oracle-autonomous-data-warehouse-cloud>\nGeneralized Linear Model (GLM), see documentation at: <https://docs.oracle.com/en/database/oracle/oracle-database/19/arpls/DBMS_DATA_MINING.html#GUID-4E3665B9-B1C2-4F6B-AB69-A7F353C70F5C>","user":"USER07","dateUpdated":"2019-08-13T15:09:15+0000","config":{"colWidth":12,"editorMode":"ace/mode/markdown","editorHide":true,"graph":{"mode":"table","optionOpen":false,"keys":[],"values":[],"scatter":{},"groups":[],"height":300},"enabled":true,"results":{},"editorSetting":{"language":"md","editOnDblClick":false}},"settings":{"params":{},"forms":{}},"results":{"code":"SUCCESS","msg":[{"type":"HTML","data":"<p>For more information, check the Oracle ADW Documentation <a href=\"https://docs.oracle.com/en/cloud/paas/autonomous-data-warehouse-cloud/index.html\">https://docs.oracle.com/en/cloud/paas/autonomous-data-warehouse-cloud/index.html</a>\n<br  />Oracle Machine Learning folder on Oracle on Github <a href=\"https://github.com/oracle/oracle-db-examples/tree/master/machine-learning\">https://github.com/oracle/oracle-db-examples/tree/master/machine-learning</a>\n<br  />Oracle Machine Learning web page: <a href=\"https://www.oracle.com/database/technologies/datawarehouse-bigdata/machine-learning.html\">https://www.oracle.com/database/technologies/datawarehouse-bigdata/machine-learning.html</a>\n<br  />Introducing Oracle Machine Learning blog post: <a href=\"https://blogs.oracle.com/datamining/introducing-oracle-machine-learning-sql-notebooks-for-the-oracle-autonomous-data-warehouse-cloud\">https://blogs.oracle.com/datamining/introducing-oracle-machine-learning-sql-notebooks-for-the-oracle-autonomous-data-warehouse-cloud</a>\n<br  />Generalized Linear Model (GLM), see documentation at: <a href=\"https://docs.oracle.com/en/database/oracle/oracle-database/19/arpls/DBMS_DATA_MINING.html#GUID-4E3665B9-B1C2-4F6B-AB69-A7F353C70F5C\">https://docs.oracle.com/en/database/oracle/oracle-database/19/arpls/DBMS_DATA_MINING.html#GUID-4E3665B9-B1C2-4F6B-AB69-A7F353C70F5C</a></p>\n"}]},"jobName":"paragraph_1565708318753_-937493980","id":"20190813-145838_1800226162","dateCreated":"2018-02-06T16:11:59+0000","dateStarted":"2019-08-13T15:09:15+0000","dateFinished":"2019-08-13T15:09:15+0000","status":"FINISHED","progressUpdateIntervalMs":500,"commited":true,"$$hashKey":"object:146"},{"title":"Drop previous tables and create CUSTOMERS360 table","text":"%script\n\n-- Drop any previously existing CUSTOMERS360 table for notebook repeatability\n\nBEGIN\n    EXECUTE IMMEDIATE 'DROP TABLE CUSTOMERS360';\nEXCEPTION\n    WHEN OTHERS THEN NULL;\nEND;\n/\n\n-- JOIN selected attributes from SH.CUSTOMERS and SH.SUPPLEMENTARY_DEMOGRAPHICS tables to create better 360 view of customer\nCREATE TABLE CUSTOMERS360 AS \n  SELECT A.CUST_ID, A.CUST_GENDER, A.CUST_MARITAL_STATUS, A.CUST_YEAR_OF_BIRTH, A.CUST_INCOME_LEVEL, A.CUST_CREDIT_LIMIT, \n         B.EDUCATION, B.AFFINITY_CARD, B.HOUSEHOLD_SIZE, B.OCCUPATION, B.YRS_RESIDENCE, B.Y_BOX_GAMES\n  FROM SH.CUSTOMERS A, SH.SUPPLEMENTARY_DEMOGRAPHICS B\n  WHERE A.CUST_ID = B.CUST_ID;","user":"USER07","dateUpdated":"2019-08-13T15:10:21+0000","config":{"colWidth":12,"editorMode":"ace/mode/plsql","title":true,"graph":{"mode":"table","optionOpen":false,"keys":[],"values":[],"scatter":{},"groups":[],"height":300},"enabled":true,"results":{},"editorSetting":{"language":"plsql","editOnDblClick":false}},"settings":{"params":{},"forms":{}},"results":{"code":"SUCCESS","msg":[{"type":"TEXT","data":"\nPL/SQL procedure successfully completed.\n\n\n---------------------------\n\nTable CUSTOMERS360 created.\n\n\n---------------------------\n"}]},"jobName":"paragraph_1565708318753_1720761065","id":"20190813-145838_1774161920","dateCreated":"2018-02-06T15:33:37+0000","dateStarted":"2019-08-13T15:10:21+0000","dateFinished":"2019-08-13T15:10:21+0000","status":"FINISHED","progressUpdateIntervalMs":500,"commited":true,"$$hashKey":"object:147"},{"title":"Drop previous existing model objects","text":"%script \n\n-- Drop any previous GLM Models for notebook repeatability\nBEGIN\n    DBMS_DATA_MINING.DROP_MODEL('GLMR_SH_REGR_SAMPLE');\n  EXCEPTION \n    WHEN OTHERS THEN NULL; \nEND;\n/\n\n-- Drop any previous GLM Model Settings table for notebook repeatability\nBEGIN \n    EXECUTE IMMEDIATE 'DROP TABLE GLMR_SH_SAMPLE_SETTINGS';\n  EXCEPTION\n    WHEN OTHERS THEN NULL; END;\n/\n\n-- Drop any previous Model Diagnostics table for notebook repeatability\nBEGIN \n    EXECUTE IMMEDIATE 'DROP TABLE GLMR_SH_SAMPLE_DIAG';\n  EXCEPTION \n    WHEN OTHERS THEN NULL; END;\n/","user":"CHARLIE","dateUpdated":"2019-08-12T21:28:07+0000","config":{"colWidth":12,"editorMode":"ace/mode/plsql","title":true,"graph":{"mode":"table","optionOpen":false,"keys":[],"values":[],"scatter":{},"groups":[],"height":300},"enabled":true,"results":{},"editorSetting":{"language":"plsql","editOnDblClick":false},"editorHide":true},"settings":{"params":{},"forms":{}},"results":{"code":"SUCCESS","msg":[{"type":"TEXT","data":"\nPL/SQL procedure successfully completed.\n\n\n---------------------------\n\nPL/SQL procedure successfully completed.\n\n\n---------------------------\n\nPL/SQL procedure successfully completed.\n\n\n---------------------------\n"}]},"jobName":"paragraph_1565708318753_38396437","id":"20190813-145838_679717250","dateCreated":"2018-02-06T19:32:52+0000","dateStarted":"2019-08-12T21:20:11+0000","dateFinished":"2019-08-12T21:20:12+0000","status":"FINISHED","progressUpdateIntervalMs":500,"commited":true,"$$hashKey":"object:148"},{"title":"Create GLM model settings table","text":"%sql\n\n--Create Model Settings Table\nCREATE TABLE GLMR_SH_SAMPLE_SETTINGS (\n    SETTING_NAME  VARCHAR2(30),\n    SETTING_VALUE VARCHAR2(4000));","user":"USER07","dateUpdated":"2019-08-13T15:12:55+0000","config":{"tableHide":false,"colWidth":12,"editorMode":"ace/mode/osql","editorHide":false,"title":true,"graph":{"mode":"table","optionOpen":false,"keys":[],"values":[],"scatter":{},"groups":[],"height":300},"enabled":true,"results":{},"editorSetting":{"language":"sql","editOnDblClick":false}},"settings":{"params":{},"forms":{}},"results":{"code":"SUCCESS","msg":[{"type":"TEXT","data":"Updated 0 row(s)."}]},"jobName":"paragraph_1565708318753_1511245227","id":"20190813-145838_1081152410","dateCreated":"2018-02-06T15:27:45+0000","dateStarted":"2019-08-13T15:12:55+0000","dateFinished":"2019-08-13T15:12:55+0000","status":"FINISHED","progressUpdateIntervalMs":500,"commited":true,"$$hashKey":"object:149"},{"title":"Define model settings for automated data preparation and feature selection","text":"%script \n\nBEGIN \n-- Populate settings table\n    INSERT INTO GLMR_SH_SAMPLE_SETTINGS (SETTING_NAME, SETTING_VALUE) VALUES (DBMS_DATA_MINING.ALGO_NAME, DBMS_DATA_MINING.ALGO_GENERALIZED_LINEAR_MODEL);\n-- output row diagnostic statistics into a table named GLMC_SH_SAMPLE_DIAG  \n    INSERT INTO  GLMR_SH_SAMPLE_SETTINGS (SETTING_NAME, SETTING_VALUE) VALUES (DBMS_DATA_MINING.GLMS_DIAGNOSTICS_TABLE_NAME, 'GLMR_SH_SAMPLE_DIAG');  \n    INSERT INTO  GLMR_SH_SAMPLE_SETTINGS (SETTING_NAME, SETTING_VALUE) VALUES (DBMS_DATA_MINING.PREP_AUTO, DBMS_DATA_MINING.PREP_AUTO_ON);  \n-- turn on feature selection\n    INSERT INTO  GLMR_SH_SAMPLE_SETTINGS (SETTING_NAME, SETTING_VALUE) VALUES (DBMS_DATA_MINING.GLMS_FTR_SELECTION, DBMS_DATA_MINING.GLMS_FTR_SELECTION_ENABLE);\n-- turn on feature generation\n    INSERT INTO  GLMR_SH_SAMPLE_SETTINGS (SETTING_NAME, SETTING_VALUE) VALUES (DBMS_DATA_MINING.GLMS_FTR_GENERATION, DBMS_DATA_MINING.GLMS_FTR_GENERATION_ENABLE);\nEND;","user":"USER07","dateUpdated":"2019-08-13T15:13:00+0000","config":{"colWidth":12,"title":true,"graph":{"mode":"table","optionOpen":false,"keys":[],"values":[],"scatter":{},"groups":[],"height":300},"enabled":true,"editorMode":"ace/mode/plsql","results":{},"editorSetting":{"language":"plsql","editOnDblClick":false}},"settings":{"params":{},"forms":{}},"results":{"code":"SUCCESS","msg":[{"type":"TEXT","data":"\nPL/SQL procedure successfully completed.\n\n"}]},"jobName":"paragraph_1565708318753_-22054703","id":"20190813-145838_1100392499","dateCreated":"2018-02-06T15:27:49+0000","dateStarted":"2019-08-13T15:13:00+0000","dateFinished":"2019-08-13T15:13:00+0000","status":"FINISHED","progressUpdateIntervalMs":500,"commited":true,"$$hashKey":"object:150"},{"text":"%md\n#### Additional examples of possible setting overrides are shown below. If the user does not override the default settings, then relevant settings are determined by the algorithm\n-- Specify a row weight column \n    (dbms_data_mining.odms_row_weight_column_name,<row_weight_column_name>);\n-- specify a missing value treatment method:\n     Default:  replace with mean (numeric features) or \n               mode (categorical features) \n       or delete the row\n    (dbms_data_mining.odms_missing_value_treatment, dbms_data_mining.odms_missing_value_delete_row);\n-- turn ridge regression on or off \n     By default the system turns it on if there is a multicollinearity\n    (dbms_data_mining.glms_ridge_regression, dbms_data_mining.glms_ridge_reg_enable);  ","user":"USER07","dateUpdated":"2019-08-13T15:13:02+0000","config":{"tableHide":false,"colWidth":12,"editorHide":true,"graph":{"mode":"table","optionOpen":false,"keys":[],"values":[],"scatter":{},"groups":[],"height":300},"enabled":true,"editorMode":"ace/mode/markdown","results":{},"editorSetting":{"language":"md","editOnDblClick":false}},"settings":{"params":{},"forms":{}},"results":{"code":"SUCCESS","msg":[{"type":"HTML","data":"<h4>Additional examples of possible setting overrides are shown below. If the user does not override the default settings, then relevant settings are determined by the algorithm</h4>\n<p>&ndash; Specify a row weight column</p>\n<pre><code>(dbms_data_mining.odms_row_weight_column_name,&lt;row_weight_column_name&gt;);\n</code></pre>\n<p>&ndash; specify a missing value treatment method:</p>\n<pre><code> Default:  replace with mean (numeric features) or \n           mode (categorical features) \n   or delete the row\n(dbms_data_mining.odms_missing_value_treatment, dbms_data_mining.odms_missing_value_delete_row);\n</code></pre>\n<p>&ndash; turn ridge regression on or off</p>\n<pre><code> By default the system turns it on if there is a multicollinearity\n(dbms_data_mining.glms_ridge_regression, dbms_data_mining.glms_ridge_reg_enable);\n</code></pre>\n"}]},"jobName":"paragraph_1565708318753_-1795255597","id":"20190813-145838_1413226385","dateCreated":"2018-02-06T15:27:52+0000","dateStarted":"2019-08-13T15:13:02+0000","dateFinished":"2019-08-13T15:13:02+0000","status":"FINISHED","progressUpdateIntervalMs":500,"commited":true,"$$hashKey":"object:151"},{"title":"Split the data into a randomly selected 60% sample for model build and another 40% hold out sample for model test","text":"%script\n\n-- Split the Data into N1_TRAIN_DATA and N1_TEST_DATA\nBEGIN\n    EXECUTE IMMEDIATE 'CREATE OR REPLACE VIEW N1_TRAIN_DATA AS SELECT * FROM CUSTOMERS360 SAMPLE (60) SEED (1)';\n    DBMS_OUTPUT.PUT_LINE ('Created N1_TRAIN_DATA');\n    EXECUTE IMMEDIATE 'CREATE OR REPLACE VIEW N1_TEST_DATA AS SELECT * FROM CUSTOMERS360 MINUS SELECT * FROM N1_TRAIN_DATA';\n    DBMS_OUTPUT.PUT_LINE ('Created N1_TEST_DATA');\nEND;\n/","user":"USER07","dateUpdated":"2019-08-13T15:13:06+0000","config":{"colWidth":12,"editorMode":"ace/mode/plsql","title":true,"graph":{"mode":"table","optionOpen":false,"keys":[],"values":[],"scatter":{},"groups":[],"height":300},"enabled":true,"results":{},"editorSetting":{"language":"plsql","editOnDblClick":false}},"settings":{"params":{},"forms":{}},"results":{"code":"SUCCESS","msg":[{"type":"TEXT","data":"Created N1_TRAIN_DATA\nCreated N1_TEST_DATA\n\n\nPL/SQL procedure successfully completed.\n\n\n---------------------------\n"}]},"jobName":"paragraph_1565708318753_-547604310","id":"20190813-145838_1640391469","dateCreated":"2018-02-07T02:22:25+0000","dateStarted":"2019-08-13T15:13:06+0000","dateFinished":"2019-08-13T15:13:06+0000","status":"FINISHED","progressUpdateIntervalMs":500,"commited":true,"$$hashKey":"object:152"},{"title":"Build a GLM regression model for predcting YRS_RESIDENCE","text":"%script\n\n-- Build the GLM regression model\n\nDECLARE\n    V_XLST DBMS_DATA_MINING_TRANSFORM.TRANSFORM_LIST;\n \nBEGIN\n    DBMS_DATA_MINING.CREATE_MODEL(\n    MODEL_NAME          => 'GLMR_SH_REGR_SAMPLE',\n    MINING_FUNCTION     => DBMS_DATA_MINING.REGRESSION,\n    DATA_TABLE_NAME     => 'N1_TRAIN_DATA',\n    CASE_ID_COLUMN_NAME => 'CUST_ID',\n    TARGET_COLUMN_NAME  => 'YRS_RESIDENCE',\n    SETTINGS_TABLE_NAME => 'GLMR_SH_SAMPLE_SETTINGS',\n    XFORM_LIST          => V_XLST);\nEND;","user":"USER07","dateUpdated":"2019-08-13T15:13:08+0000","config":{"colWidth":12,"editorMode":"ace/mode/plsql","title":true,"graph":{"mode":"table","optionOpen":false,"keys":[],"values":[],"scatter":{},"groups":[],"height":300},"enabled":true,"results":{},"editorSetting":{"language":"plsql","editOnDblClick":false}},"settings":{"params":{},"forms":{}},"results":{"code":"SUCCESS","msg":[{"type":"TEXT","data":"\nPL/SQL procedure successfully completed.\n\n"}]},"jobName":"paragraph_1565708318753_-758730119","id":"20190813-145838_702759244","dateCreated":"2018-02-06T15:30:56+0000","dateStarted":"2019-08-13T15:13:08+0000","dateFinished":"2019-08-13T15:13:11+0000","status":"FINISHED","progressUpdateIntervalMs":500,"commited":true,"$$hashKey":"object:153"},{"title":"Display GLM model settings","text":"%sql\n\nSELECT SETTING_NAME, SETTING_VALUE\n  FROM USER_MINING_MODEL_SETTINGS\n  WHERE MODEL_NAME = 'GLMR_SH_REGR_SAMPLE'\n  ORDER BY SETTING_NAME;","user":"USER07","dateUpdated":"2019-08-13T15:13:14+0000","config":{"colWidth":12,"editorMode":"ace/mode/osql","title":true,"graph":{"mode":"table","optionOpen":false,"keys":[{"name":"SETTING_NAME","index":0,"aggr":"sum"}],"values":[{"name":"SETTING_VALUE","index":1,"aggr":"sum"}],"scatter":{"yAxis":{"name":"SETTING_VALUE","index":1,"aggr":"sum"},"xAxis":{"name":"SETTING_NAME","index":0,"aggr":"sum"}},"groups":[],"height":300},"enabled":true,"results":{},"editorSetting":{"language":"sql","editOnDblClick":false}},"settings":{"params":{},"forms":{}},"results":{"code":"SUCCESS","msg":[{"type":"TABLE","data":"SETTING_NAME\tSETTING_VALUE\nALGO_NAME\tALGO_GENERALIZED_LINEAR_MODEL\nGLMS_CONF_LEVEL\t.95\nGLMS_DIAGNOSTICS_TABLE_NAME\tGLMR_SH_SAMPLE_DIAG\nGLMS_FTR_GENERATION\tGLMS_FTR_GENERATION_ENABLE\nGLMS_FTR_SELECTION\tGLMS_FTR_SELECTION_ENABLE\nGLMS_FTR_SEL_CRIT\tGLMS_FTR_SEL_ALPHA_INV\nGLMS_MAX_FEATURES\t1000\nGLMS_PRUNE_MODEL\tGLMS_PRUNE_MODEL_ENABLE\nGLMS_SELECT_BLOCK\tGLMS_SELECT_BLOCK_DISABLE\nODMS_DETAILS\tODMS_ENABLE\nODMS_MISSING_VALUE_TREATMENT\tODMS_MISSING_VALUE_AUTO\nODMS_SAMPLING\tODMS_SAMPLING_DISABLE\nPREP_AUTO\tON\n"}]},"jobName":"paragraph_1565708318753_1723635435","id":"20190813-145838_1564521331","dateCreated":"2018-02-06T15:41:25+0000","dateStarted":"2019-08-13T15:13:14+0000","dateFinished":"2019-08-13T15:13:14+0000","status":"FINISHED","progressUpdateIntervalMs":500,"commited":true,"$$hashKey":"object:154"},{"title":"Display GLM model signature","text":"%sql\n\nSELECT ATTRIBUTE_NAME, ATTRIBUTE_TYPE\n  FROM USER_MINING_MODEL_ATTRIBUTES\n  WHERE MODEL_NAME = 'GLMR_SH_REGR_SAMPLE'\n  ORDER BY ATTRIBUTE_NAME;","user":"USER07","dateUpdated":"2019-08-13T15:13:19+0000","config":{"colWidth":12,"editorMode":"ace/mode/osql","title":true,"graph":{"mode":"table","optionOpen":false,"keys":[{"name":"ATTRIBUTE_NAME","index":0,"aggr":"sum"}],"values":[{"name":"ATTRIBUTE_TYPE","index":1,"aggr":"sum"}],"scatter":{"yAxis":{"name":"ATTRIBUTE_TYPE","index":1,"aggr":"sum"},"xAxis":{"name":"ATTRIBUTE_NAME","index":0,"aggr":"sum"}},"groups":[],"height":300},"enabled":true,"results":{},"editorSetting":{"language":"sql","editOnDblClick":false}},"settings":{"params":{},"forms":{}},"results":{"code":"SUCCESS","msg":[{"type":"TABLE","data":"ATTRIBUTE_NAME\tATTRIBUTE_TYPE\nAFFINITY_CARD\tNUMERICAL\nCUST_GENDER\tCATEGORICAL\nCUST_INCOME_LEVEL\tCATEGORICAL\nCUST_MARITAL_STATUS\tCATEGORICAL\nCUST_YEAR_OF_BIRTH\tNUMERICAL\nEDUCATION\tCATEGORICAL\nHOUSEHOLD_SIZE\tCATEGORICAL\nOCCUPATION\tCATEGORICAL\nYRS_RESIDENCE\tNUMERICAL\n"}]},"jobName":"paragraph_1565708318753_-1292588017","id":"20190813-145838_1765081053","dateCreated":"2018-02-06T15:41:25+0000","dateStarted":"2019-08-13T15:13:19+0000","dateFinished":"2019-08-13T15:13:19+0000","status":"FINISHED","progressUpdateIntervalMs":500,"commited":true,"$$hashKey":"object:155"},{"title":"Show list of the different model views available","text":"%sql \n-- View the model views\n\nSELECT VIEW_NAME, VIEW_TYPE \n  FROM USER_MINING_MODEL_VIEWS\n  WHERE MODEL_NAME='GLMR_SH_REGR_SAMPLE'\n  ORDER BY VIEW_NAME;","user":"USER07","dateUpdated":"2019-08-13T15:13:24+0000","config":{"colWidth":12,"editorMode":"ace/mode/osql","title":true,"graph":{"mode":"table","optionOpen":false,"keys":[{"name":"VIEW_NAME","index":0,"aggr":"sum"}],"values":[{"name":"VIEW_TYPE","index":1,"aggr":"sum"}],"scatter":{"yAxis":{"name":"VIEW_TYPE","index":1,"aggr":"sum"},"xAxis":{"name":"VIEW_NAME","index":0,"aggr":"sum"}},"groups":[],"height":209},"enabled":true,"results":{"0":{"graph":{"mode":"table","height":254,"optionOpen":false}}},"editorSetting":{"language":"sql","editOnDblClick":false}},"settings":{"params":{},"forms":{}},"results":{"code":"SUCCESS","msg":[{"type":"TABLE","data":"VIEW_NAME\tVIEW_TYPE\nDM$VAGLMR_SH_REGR_SAMPLE\tGLM Regression Row Diagnostics\nDM$VDGLMR_SH_REGR_SAMPLE\tGLM Regression Attribute Diagnostics\nDM$VGGLMR_SH_REGR_SAMPLE\tGlobal Name-Value Pairs\nDM$VNGLMR_SH_REGR_SAMPLE\tNormalization and Missing Value Handling\nDM$VSGLMR_SH_REGR_SAMPLE\tComputed Settings\nDM$VWGLMR_SH_REGR_SAMPLE\tModel Build Alerts\n"}]},"jobName":"paragraph_1565708318753_221537940","id":"20190813-145838_1001989853","dateCreated":"2018-02-07T02:11:17+0000","dateStarted":"2019-08-13T15:13:24+0000","dateFinished":"2019-08-13T15:13:24+0000","status":"FINISHED","progressUpdateIntervalMs":500,"commited":true,"$$hashKey":"object:156"},{"title":"Show GLM model summary","text":"%sql \n-- View the model summary statistics\n\nSELECT NAME, NUMERIC_VALUE, STRING_VALUE \n  FROM DM$VGGLMR_SH_REGR_SAMPLE\n  ORDER BY NAME;","user":"USER07","dateUpdated":"2019-08-13T15:13:29+0000","config":{"colWidth":12,"editorMode":"ace/mode/osql","title":true,"graph":{"mode":"table","optionOpen":false,"keys":[{"name":"NAME","index":0,"aggr":"sum"}],"values":[{"name":"NUMERIC_VALUE","index":1,"aggr":"sum"}],"scatter":{"yAxis":{"name":"NUMERIC_VALUE","index":1,"aggr":"sum"},"xAxis":{"name":"NAME","index":0,"aggr":"sum"}},"groups":[],"height":300},"enabled":true,"results":{},"editorSetting":{"language":"sql","editOnDblClick":false}},"settings":{"params":{},"forms":{}},"results":{"code":"SUCCESS","msg":[{"type":"TABLE","data":"NAME\tNUMERIC_VALUE\tSTRING_VALUE\nADJUSTED_R_SQUARE\t0.62340643595983058\t\nAIC\t773.89535712835061\t\nCOEFF_VAR\t28.828824375278455\t\nCONVERGED\t\tYES\nCORRECTED_TOTAL_DF\t2687\t\nCORRECTED_TOT_SS\t9417.4047619047633\t\nDEPENDENT_MEAN\t3.9851190476190474\t\nERROR_DF\t2660\t\nERROR_MEAN_SQUARE\t1.3198861270169622\t\nERROR_SUM_SQUARES\t3510.8970978651196\t\nF_VALUE\t165.74122466685193\t\nGMSEP\t1.3337845209614316\t\nHOCKING_SP\t0.0004963844027893803\t\nJ_P\t1.3336349408400556\t\nMODEL_DF\t27\t\nMODEL_F_P_VALUE\t0\t\nMODEL_MEAN_SQUARE\t218.75954311257939\t\nMODEL_SUM_SQUARES\t5906.5076640396437\t\nNUM_PARAMS\t28\t\nNUM_ROWS\t2688\t\nROOT_MEAN_SQ\t1.1488629713838645\t\nR_SQ\t0.62719059160891311\t\nSBIC\t938.99883277435572\t\nVALID_COVARIANCE_MATRIX\t\tYES\n"}]},"jobName":"paragraph_1565708318753_-534285466","id":"20190813-145838_149154247","dateCreated":"2018-02-07T02:13:04+0000","dateStarted":"2019-08-13T15:13:29+0000","dateFinished":"2019-08-13T15:13:29+0000","status":"FINISHED","progressUpdateIntervalMs":500,"commited":true,"$$hashKey":"object:157"},{"title":"Show GLM model coefficient statistics","text":"%sql \n-- View model coefficient statistics\n\nSELECT FEATURE_EXPRESSION, COEFFICIENT, STD_ERROR, TEST_STATISTIC,\n       P_VALUE, STD_COEFFICIENT, LOWER_COEFF_LIMIT, UPPER_COEFF_LIMIT\n  FROM DM$VDGLMR_SH_REGR_SAMPLE\n  ORDER BY 1;","user":"USER07","dateUpdated":"2019-08-13T15:13:39+0000","config":{"colWidth":12,"editorMode":"ace/mode/osql","title":true,"graph":{"mode":"table","optionOpen":false,"keys":[{"name":"FEATURE_EXPRESSION","index":0,"aggr":"sum"}],"values":[{"name":"COEFFICIENT","index":1,"aggr":"sum"}],"scatter":{"yAxis":{"name":"COEFFICIENT","index":1,"aggr":"sum"},"xAxis":{"name":"FEATURE_EXPRESSION","index":0,"aggr":"sum"}},"groups":[],"height":300},"enabled":true,"results":{},"editorSetting":{"language":"sql","editOnDblClick":false}},"settings":{"params":{},"forms":{}},"results":{"code":"SUCCESS","msg":[{"type":"TABLE","data":"FEATURE_EXPRESSION\tCOEFFICIENT\tSTD_ERROR\tTEST_STATISTIC\tP_VALUE\tSTD_COEFFICIENT\tLOWER_COEFF_LIMIT\tUPPER_COEFF_LIMIT\nAFFINITY_CARD\t4715.882059829441\t1421.4611964646565\t3.3176298245484306\t9.200632202536958E-4\t1055.2864789776177\t1928.6015761647227\t7503.162543494158\nCUST_GENDER_F\t-0.2700695877542038\t0.055470078456876126\t-4.8687435689164005\t1.1888168959794294E-6\t-0.06822303475161402\t-0.37883841485601755\t-0.16130076065239007\nCUST_INCOME_LEVEL_A: Below 30,000\t0.45513206252413974\t0.16902409048558517\t2.692705289622337\t0.007131933157414424\t0.03220177140229185\t0.12370018816036787\t0.7865639368879116\nCUST_INCOME_LEVEL_F: 110,000 - 129,999\t-48.31097393387792\t12.666919766509698\t-3.813948049280946\t1.398736880112745E-4\t-6.926691420992918\t-73.14897749046476\t-23.472970377291073\nCUST_MARITAL_STATUS_Mabsent\t-0.4269204577621301\t0.17793602371574002\t-2.399291885066246\t0.01649521837737769\t-0.02894168280555506\t-0.7758273484161207\t-0.0780135671081395\nCUST_MARITAL_STATUS_NeverM\t5434.760239682693\t1006.1114613798571\t5.401747667429465\t7.183669451579334E-8\t1362.115264321419\t3461.9207083116435\t7407.599771053743\nCUST_MARITAL_STATUS_Widowed\t-0.6201302655491234\t0.1540718406848715\t-4.024942278826261\t5.8580583690849125E-5\t-0.0592789933604552\t-0.9222429336200593\t-0.31801759747818764\nCUST_YEAR_OF_BIRTH\t9.793058349079535\t0.6514749164738849\t15.032134164250822\t4.427302775502219E-49\t71.03795804046433\t8.515609956678125\t11.070506741480946\nCUST_YEAR_OF_BIRTH*AFFINITY_CARD\t-4.7924410394126\t1.4526994129865571\t-3.2989901397151233\t9.831192057617858E-4\t-2101.2192386744955\t-7.640975162270944\t-1.9439069165542553\nCUST_YEAR_OF_BIRTH*CUST_INCOME_LEVEL_F: 110,000 - 129,999\t0.024452435622982292\t0.006447764965926633\t3.7923894174495767\t1.5252471466170733E-4\t6.887307238800499\t0.0118092980561727\t0.03709557318979188\nCUST_YEAR_OF_BIRTH*CUST_MARITAL_STATUS_NeverM\t-5.527683931232525\t1.0258926884061486\t-5.38816973130052\t7.741616435521382E-8\t-2736.385192099246\t-7.539311597074254\t-3.516056265390797\nCUST_YEAR_OF_BIRTH*CUST_YEAR_OF_BIRTH\t-0.002520754556394857\t1.6643471978876955E-4\t-15.14560519339997\t9.082564761516724E-50\t-71.70156560841083\t-0.002847109048114517\t-0.0021944000646751966\nCUST_YEAR_OF_BIRTH*CUST_YEAR_OF_BIRTH*AFFINITY_CARD\t0.0012175909325403363\t3.711494597308967E-4\t3.280594651607886\t0.0010492539663047955\t1046.0416305035046\t4.898203481560763E-4\t0.0019453615169245965\nCUST_YEAR_OF_BIRTH*CUST_YEAR_OF_BIRTH*CUST_MARITAL_STATUS_NeverM\t0.0014055263076955533\t2.615117256002925E-4\t5.3746206005455734\t8.340135925786538E-8\t1374.363059101146\t8.92739514198794E-4\t0.0019183131011923126\nCUST_YEAR_OF_BIRTH*OCCUPATION_?\t0.01711916479062326\t0.0052606982057451885\t3.2541621132965743\t0.001151516670203831\t3.903946464998123\t0.006803694009013256\t0.027434635572233267\nCUST_YEAR_OF_BIRTH*OCCUPATION_Exec.\t-0.021544729186404026\t0.006308736630540925\t-3.415062388577907\t6.472331485101551E-4\t-7.271753575167211\t-0.033915252230312276\t-0.009174206142495773\nEDUCATION_11th\t-0.46932958819192805\t0.14442221154288792\t-3.2497050362129025\t0.001169642425906084\t-0.04156148593317645\t-0.75252072463826\t-0.18613845174559607\nEDUCATION_Masters*HOUSEHOLD_SIZE_9+\t1.6860070491403336\t0.43846443812657465\t3.8452538051754654\t1.232522292015331E-4\t0.04590675155940743\t0.8262414964746791\t2.545772601805988\nHOUSEHOLD_SIZE_1\t-0.20075764384554232\t0.08089000489067939\t-2.4818597071030064\t0.013131177160355965\t-0.038211765862932734\t-0.3593712820623912\t-0.04214400562869339\nHOUSEHOLD_SIZE_4-5\t-0.3970626411194407\t0.1167305226176897\t-3.4015322832048094\t6.799892447501067E-4\t-0.04517558070654376\t-0.6259543677099944\t-0.16817091452888702\nOCCUPATION_?\t-33.9685207673611\t10.324341854158126\t-3.2901390952761105\t0.0010144426177857663\t-3.9496556191818533\t-54.213066751696914\t-13.72397478302528\nOCCUPATION_?*EDUCATION_11th\t1.6227555370453683\t0.4238970568736335\t3.8281830711769307\t1.3206963481623637E-4\t0.05008186123559274\t0.7915545189343058\t2.453956555156431\nOCCUPATION_Cleric.*CUST_MARITAL_STATUS_Widowed\t1.2796911368594615\t0.30567615027692263\t4.18642781159127\t2.9258281966364526E-5\t0.055759233446018505\t0.6803042734630717\t1.8790780002558511\nOCCUPATION_Exec.\t42.545393932784656\t12.376542646591304\t3.4375831076300076\t5.959480505790731E-4\t7.321046785093242\t18.27677804662054\t66.81400981894878\nOCCUPATION_Farming\t0.4639094078341267\t0.13346853838599143\t3.475795969927379\t5.174958939514327E-4\t0.04186041354011467\t0.20219684533029403\t0.7256219703379594\nOCCUPATION_Other\t-0.2073024511141116\t0.07717806613163984\t-2.6860280582895575\t0.0072756418285055136\t-0.03345523444112007\t-0.3586375125499961\t-0.05596738967822712\nOCCUPATION_TechSup\t-0.5221223971167523\t0.11302213112181873\t-4.619647425989453\t4.026909837071029E-6\t-0.055502273255833935\t-0.7437425025980299\t-0.3005022916354748\n\t-9505.669199745233\t637.5006209938088\t-14.910839121892478\t2.3808121580886137E-48\t0.0\t-10755.71601329141\t-8255.622386199055\n"}]},"jobName":"paragraph_1565708318753_-1145220340","id":"20190813-145838_1356859523","dateCreated":"2018-02-07T02:14:43+0000","dateStarted":"2019-08-13T15:13:39+0000","dateFinished":"2019-08-13T15:13:39+0000","status":"FINISHED","progressUpdateIntervalMs":500,"commited":true,"$$hashKey":"object:158"},{"title":"Show model features and p-values","text":"%sql \n\nSELECT FEATURE_EXPRESSION, COEFFICIENT, P_VALUE \n  FROM DM$VDGLMR_SH_REGR_SAMPLE\n  ORDER BY FEATURE_EXPRESSION;","user":"USER07","dateUpdated":"2019-08-13T15:13:44+0000","config":{"colWidth":12,"editorMode":"ace/mode/osql","title":true,"graph":{"mode":"table","optionOpen":false,"keys":[{"name":"FEATURE_EXPRESSION","index":0,"aggr":"sum"}],"values":[{"name":"COEFFICIENT","index":1,"aggr":"sum"}],"scatter":{"yAxis":{"name":"COEFFICIENT","index":1,"aggr":"sum"},"xAxis":{"name":"FEATURE_EXPRESSION","index":0,"aggr":"sum"}},"groups":[],"height":300},"enabled":true,"results":{},"editorSetting":{"language":"sql","editOnDblClick":false}},"settings":{"params":{},"forms":{}},"results":{"code":"SUCCESS","msg":[{"type":"TABLE","data":"FEATURE_EXPRESSION\tCOEFFICIENT\tP_VALUE\nAFFINITY_CARD\t4715.882059829441\t9.200632202536958E-4\nCUST_GENDER_F\t-0.2700695877542038\t1.1888168959794294E-6\nCUST_INCOME_LEVEL_A: Below 30,000\t0.45513206252413974\t0.007131933157414424\nCUST_INCOME_LEVEL_F: 110,000 - 129,999\t-48.31097393387792\t1.398736880112745E-4\nCUST_MARITAL_STATUS_Mabsent\t-0.4269204577621301\t0.01649521837737769\nCUST_MARITAL_STATUS_NeverM\t5434.760239682693\t7.183669451579334E-8\nCUST_MARITAL_STATUS_Widowed\t-0.6201302655491234\t5.8580583690849125E-5\nCUST_YEAR_OF_BIRTH\t9.793058349079535\t4.427302775502219E-49\nCUST_YEAR_OF_BIRTH*AFFINITY_CARD\t-4.7924410394126\t9.831192057617858E-4\nCUST_YEAR_OF_BIRTH*CUST_INCOME_LEVEL_F: 110,000 - 129,999\t0.024452435622982292\t1.5252471466170733E-4\nCUST_YEAR_OF_BIRTH*CUST_MARITAL_STATUS_NeverM\t-5.527683931232525\t7.741616435521382E-8\nCUST_YEAR_OF_BIRTH*CUST_YEAR_OF_BIRTH\t-0.002520754556394857\t9.082564761516724E-50\nCUST_YEAR_OF_BIRTH*CUST_YEAR_OF_BIRTH*AFFINITY_CARD\t0.0012175909325403363\t0.0010492539663047955\nCUST_YEAR_OF_BIRTH*CUST_YEAR_OF_BIRTH*CUST_MARITAL_STATUS_NeverM\t0.0014055263076955533\t8.340135925786538E-8\nCUST_YEAR_OF_BIRTH*OCCUPATION_?\t0.01711916479062326\t0.001151516670203831\nCUST_YEAR_OF_BIRTH*OCCUPATION_Exec.\t-0.021544729186404026\t6.472331485101551E-4\nEDUCATION_11th\t-0.46932958819192805\t0.001169642425906084\nEDUCATION_Masters*HOUSEHOLD_SIZE_9+\t1.6860070491403336\t1.232522292015331E-4\nHOUSEHOLD_SIZE_1\t-0.20075764384554232\t0.013131177160355965\nHOUSEHOLD_SIZE_4-5\t-0.3970626411194407\t6.799892447501067E-4\nOCCUPATION_?\t-33.9685207673611\t0.0010144426177857663\nOCCUPATION_?*EDUCATION_11th\t1.6227555370453683\t1.3206963481623637E-4\nOCCUPATION_Cleric.*CUST_MARITAL_STATUS_Widowed\t1.2796911368594615\t2.9258281966364526E-5\nOCCUPATION_Exec.\t42.545393932784656\t5.959480505790731E-4\nOCCUPATION_Farming\t0.4639094078341267\t5.174958939514327E-4\nOCCUPATION_Other\t-0.2073024511141116\t0.0072756418285055136\nOCCUPATION_TechSup\t-0.5221223971167523\t4.026909837071029E-6\n\t-9505.669199745233\t2.3808121580886137E-48\n"}]},"jobName":"paragraph_1565708318753_1431147983","id":"20190813-145838_518315861","dateCreated":"2018-02-07T02:16:20+0000","dateStarted":"2019-08-13T15:13:44+0000","dateFinished":"2019-08-13T15:13:44+0000","status":"FINISHED","progressUpdateIntervalMs":500,"commited":true,"$$hashKey":"object:159"},{"title":"Apply the GLM model to predict YRS_RESIDENCE and show Prediction_Details","text":"%sql\n\n-- Make predictions with upper and lower bounds and include explanatory prediction details\nSELECT CUST_ID,\n       round(PREDICTION_YRS_RES,3) PRED_YRS_RES,\n       round(PRED_LOWER_LIMIT,3) LOWER_PRED,\n       round(PRED_UPPER_LIMIT,3) HIGHER_PRED,\n       RTRIM(TRIM(SUBSTR(OUTPRED.\"Attribute1\",17,100)),'rank=\"1\"/>') FIRST_ATTRIBUTE,\n       RTRIM(TRIM(SUBSTR(OUTPRED.\"Attribute2\",17,100)),'rank=\"2\"/>') SECOND_ATTRIBUTE,\n       RTRIM(TRIM(SUBSTR(OUTPRED.\"Attribute3\",17,100)),'rank=\"3\"/>') THIRD_ATTRIBUTE,\n       RTRIM(TRIM(SUBSTR(OUTPRED.\"Attribute4\",17,100)),'rank=\"4\"/>') FOURTH_ATTRIBUTE,\n       RTRIM(TRIM(SUBSTR(OUTPRED.\"Attribute5\",17,100)),'rank=\"5\"/>') FIFTH_ATTRIBUTE\n       FROM (SELECT CUST_ID,\n               PREDICTION(GLMR_SH_REGR_SAMPLE USING *) PREDICTION_YRS_RES,\n               PREDICTION_BOUNDS(GLMR_SH_REGR_SAMPLE USING *).LOWER PRED_LOWER_LIMIT,\n               PREDICTION_BOUNDS(GLMR_SH_REGR_SAMPLE USING *).UPPER PRED_UPPER_LIMIT,\n               PREDICTION_DETAILS(GLMR_SH_REGR_SAMPLE USING *) PD\n             FROM N1_TEST_DATA\n             WHERE CUST_ID < 100015\n             ORDER BY CUST_ID) OUT,\n             XMLTABLE('/Details'\n                      PASSING OUT.PD\n                      COLUMNS \n                      \"Attribute1\" XMLType PATH 'Attribute[1]',\n                      \"Attribute2\" XMLType PATH 'Attribute[2]',\n                      \"Attribute3\" XMLType PATH 'Attribute[3]',\n                      \"Attribute4\" XMLType PATH 'Attribute[4]',\n                      \"Attribute5\" XMLType PATH 'Attribute[5]') \n       OUTPRED; ","user":"USER07","dateUpdated":"2019-08-13T15:15:36+0000","config":{"colWidth":12,"editorMode":"ace/mode/osql","title":true,"graph":{"mode":"table","optionOpen":false,"keys":[{"name":"CUST_ID","index":0,"aggr":"sum"}],"values":[{"name":"PR","index":1,"aggr":"sum"}],"scatter":{"yAxis":{"name":"PR","index":1,"aggr":"sum"},"xAxis":{"name":"CUST_ID","index":0,"aggr":"sum"}},"groups":[],"height":300},"enabled":true,"results":{},"editorSetting":{"language":"sql","editOnDblClick":false},"editorHide":false},"settings":{"params":{},"forms":{}},"results":{"code":"SUCCESS","msg":[{"type":"TABLE","data":"CUST_ID\tPRED_YRS_RES\tLOWER_PRED\tHIGHER_PRED\tFIRST_ATTRIBUTE\tSECOND_ATTRIBUTE\tTHIRD_ATTRIBUTE\tFOURTH_ATTRIBUTE\tFIFTH_ATTRIBUTE\n100004\t5.219\t5.089\t5.349\t\"CUST_YEAR_OF_BIRTH\" actualValue=\"1953\" weight=\"-.321\" \t\"CUST_GENDER\" actualValue=\"F\" weight=\"-.321\" \t\"AFFINITY_CARD\" actualValue=\"0\" weight=\"-.357\" \t\t\n100005\t5.501\t5.374\t5.628\t\"CUST_YEAR_OF_BIRTH\" actualValue=\"1957\" weight=\"-.5\" \t\"AFFINITY_CARD\" actualValue=\"1\" weight=\"-.5\" \t\t\t\n100006\t1.659\t1.493\t1.825\t\"CUST_MARITAL_STATUS\" actualValue=\"NeverM\" weight=\"-.196\" \t\"HOUSEHOLD_SIZE\" actualValue=\"9+\" weight=\"-.196\" \t\"CUST_GENDER\" actualValue=\"F\" weight=\"-.196\" \t\"CUST_YEAR_OF_BIRTH\" actualValue=\"1983\" weight=\"-.196\" \t\"AFFINITY_CARD\" actualValue=\"0\" weight=\"-.218\" \n100007\t4.23\t4.059\t4.4\t\"CUST_YEAR_OF_BIRTH\" actualValue=\"1963\" weight=\"-.243\" \t\"OCCUPATION\" actualValue=\"Other\" weight=\"-.243\" \t\"CUST_GENDER\" actualValue=\"F\" weight=\"-.243\" \t\"AFFINITY_CARD\" actualValue=\"0\" weight=\"-.271\" \t\n100008\t4.747\t4.591\t4.903\t\"CUST_YEAR_OF_BIRTH\" actualValue=\"1962\" weight=\"-.321\" \t\"CUST_MARITAL_STATUS\" actualValue=\"NeverM\" weight=\"-.321\" \t\"AFFINITY_CARD\" actualValue=\"0\" weight=\"-.357\" \t\t\n100011\t3.901\t3.575\t4.226\t\"OCCUPATION\" actualValue=\"Farming\" weight=\"-.196\" \t\"CUST_MARITAL_STATUS\" actualValue=\"NeverM\" weight=\"-.196\" \t\"CUST_INCOME_LEVEL\" actualValue=\"F: 110,000 - 129,999\" weight=\"-.196\" \t\"CUST_YEAR_OF_BIRTH\" actualValue=\"1972\" weight=\"-.196\" \t\"AFFINITY_CARD\" actualValue=\"0\" weight=\"-.218\" \n"}]},"jobName":"paragraph_1565708318753_54421226","id":"20190813-145838_1822002586","dateCreated":"2018-02-06T15:44:16+0000","dateStarted":"2019-08-13T15:15:36+0000","dateFinished":"2019-08-13T15:15:36+0000","status":"FINISHED","progressUpdateIntervalMs":500,"commited":true,"$$hashKey":"object:160"},{"title":"Show the GLM model predictions vs actuals","text":"%sql\n\n-- Show predictions vs. actuals.  The predictions look good.\n\nSELECT CUST_ID,\n    round(PREDICTION(GLMR_SH_REGR_SAMPLE USING *), 1) PRED_YRS_RESIDENCE,\n    YRS_RESIDENCE ACTUAL_YRS_RESIDENCE\n  FROM N1_TEST_DATA\n  WHERE CUST_ID <= 100030\n  ORDER BY CUST_ID;","user":"USER07","dateUpdated":"2019-08-13T16:05:27+0000","config":{"colWidth":12,"enabled":true,"results":{"0":{"graph":{"mode":"table","height":300,"optionOpen":true,"setting":{"multiBarChart":{"stacked":false},"scatterChart":{"xAxis":{"name":"CUST_ID","index":0,"aggr":"sum"},"yAxis":{"name":"PREDICTED","index":1,"aggr":"sum"}},"lineChart":{}},"keys":[],"groups":[],"values":[],"commonSetting":{}},"helium":{}}},"editorSetting":{"language":"sql","editOnDblClick":false},"editorMode":"ace/mode/osql","title":true},"settings":{"params":{},"forms":{}},"results":{"code":"SUCCESS","msg":[{"type":"TABLE","data":"CUST_ID\tPRED_YRS_RESIDENCE\tACTUAL_YRS_RESIDENCE\n100004\t5.2\t5\n100005\t5.5\t5\n100006\t1.7\t2\n100007\t4.2\t5\n100008\t4.7\t5\n100011\t3.9\t3\n100015\t5.4\t6\n100017\t5.4\t5\n100019\t3.8\t4\n100020\t6.9\t6\n100023\t5.7\t8\n100026\t3.4\t3\n100027\t4\t3\n100030\t1.7\t2\n"}]},"jobName":"paragraph_1565708318753_1618491088","id":"20190813-145838_2074344479","dateCreated":"2019-07-26T14:56:47+0000","dateStarted":"2019-08-13T15:16:40+0000","dateFinished":"2019-08-13T15:16:40+0000","status":"FINISHED","progressUpdateIntervalMs":500,"commited":true,"$$hashKey":"object:161"},{"title":"Graph the GLM model predictions vs actuals grouped by HOUSE_HOLD_SIZE","text":"%sql\n\n-- Show predictions vs. actuals in a scatter plot grouped by HOUSE_HOLD_SIZE.  \n-- Click the scatter plot icon and drag PRED_YRS_RESIDENCE to xAxis, ACTUAL_YRS_RESIDENCE to yAxis and HOUSEHOLD_SIZE to group.\n\nSELECT CUST_ID,\n    round(PREDICTION(GLMR_SH_REGR_SAMPLE USING *), 1) PRED_YRS_RESIDENCE,\n    YRS_RESIDENCE ACTUAL_YRS_RESIDENCE, CUST_GENDER, HOUSEHOLD_SIZE\n  FROM N1_TEST_DATA\n  ORDER BY CUST_ID;","user":"USER07","dateUpdated":"2019-08-13T16:08:55+0000","config":{"colWidth":12,"enabled":true,"results":{"0":{"graph":{"mode":"scatterChart","height":300,"optionOpen":false,"setting":{"multiBarChart":{"stacked":false},"scatterChart":{"xAxis":{"name":"ACTUAL_YRS_RESIDENCE","index":2,"aggr":"sum"},"yAxis":{"name":"PRED_YRS_RESIDENCE","index":1,"aggr":"sum"},"group":{"name":"HOUSEHOLD_SIZE","index":4,"aggr":"sum"}},"lineChart":{}},"keys":[],"groups":[],"values":[]},"helium":{}}},"editorSetting":{"language":"sql","editOnDblClick":false},"editorMode":"ace/mode/osql","title":true,"editorHide":false},"settings":{"params":{},"forms":{}},"results":{"code":"SUCCESS","msg":[{"type":"TABLE","data":"CUST_ID\tPRED_YRS_RESIDENCE\tACTUAL_YRS_RESIDENCE\tCUST_GENDER\tHOUSEHOLD_SIZE\n100004\t5.2\t5\tF\t2\n100005\t5.5\t5\tM\t3\n100006\t1.7\t2\tF\t9+\n100007\t4.2\t5\tF\t2\n100008\t4.7\t5\tM\t2\n100011\t3.9\t3\tM\t2\n100015\t5.4\t6\tM\t2\n100017\t5.4\t5\tF\t9+\n100019\t3.8\t4\tM\t3\n100020\t6.9\t6\tF\t9+\n100023\t5.7\t8\tM\t3\n100026\t3.4\t3\tM\t3\n100027\t4\t3\tM\t3\n100030\t1.7\t2\tF\t2\n100034\t4.9\t4\tM\t3\n100036\t5.9\t6\tM\t3\n100037\t5.5\t6\tM\t2\n100038\t2\t2\tF\t6-8\n100040\t0.5\t0\tF\t1\n100041\t1.6\t2\tF\t1\n100043\t2.1\t2\tM\t1\n100044\t2.4\t2\tM\t2\n100045\t3.9\t5\tM\t3\n100046\t4.9\t5\tM\t3\n100050\t2.6\t2\tM\t9+\n100054\t3.9\t4\tF\t2\n100055\t1.9\t1\tF\t4-5\n100056\t4.1\t4\tM\t3\n100057\t5\t4\tM\t3\n100058\t5.4\t6\tM\t3\n100059\t5.8\t6\tM\t2\n100062\t3.8\t5\tF\t2\n100064\t5.6\t5\tM\t3\n100066\t5.5\t6\tM\t3\n100067\t4.2\t4\tM\t2\n100068\t7.4\t6\tM\t3\n100071\t3.3\t4\tM\t3\n100072\t3.3\t3\tM\t6-8\n100073\t5.3\t4\tM\t3\n100077\t4.4\t4\tF\t4-5\n100079\t2.4\t3\tF\t6-8\n100083\t3.2\t3\tF\t9+\n100084\t3.4\t3\tF\t9+\n100090\t4.9\t4\tF\t2\n100091\t4.7\t4\tM\t3\n100094\t5.5\t5\tM\t3\n100095\t3.9\t4\tM\t3\n100099\t2.9\t3\tM\t3\n100100\t4.6\t4\tF\t4-5\n100102\t4.3\t4\tM\t9+\n100104\t1.6\t2\tM\t1\n100106\t4.3\t4\tF\t4-5\n100107\t5.7\t6\tM\t2\n100108\t5.2\t5\tM\t3\n100110\t3.6\t4\tM\t3\n100111\t3.8\t2\tM\t2\n100112\t5.8\t6\tM\t3\n100114\t2.2\t2\tM\t6-8\n100116\t4\t4\tF\t4-5\n100118\t6\t6\tM\t3\n100126\t4.1\t4\tM\t3\n100127\t1.9\t2\tF\t1\n100130\t5.2\t5\tM\t3\n100134\t4.2\t2\tF\t2\n100136\t3.3\t4\tM\t2\n100137\t3.8\t2\tF\t6-8\n100138\t5.1\t4\tM\t2\n100139\t5.5\t6\tM\t3\n100140\t1.7\t1\tM\t1\n100141\t2.8\t3\tM\t3\n100151\t4.8\t5\tM\t3\n100152\t2.7\t3\tF\t4-5\n100156\t4.5\t5\tM\t3\n100162\t5.4\t5\tM\t2\n100164\t6.4\t9\tM\t3\n100170\t3.4\t3\tF\t9+\n100182\t3.6\t3\tM\t3\n100183\t6.3\t6\tM\t3\n100184\t4.5\t4\tF\t2\n100187\t1.6\t3\tF\t1\n100188\t1.3\t1\tF\t1\n100189\t2.5\t1\tM\t1\n100196\t5\t3\tM\t3\n100198\t2.2\t1\tF\t1\n100206\t2.8\t5\tM\t1\n100209\t4.1\t4\tF\t2\n100210\t6.3\t14\tM\t3\n100211\t2.4\t2\tM\t2\n100213\t2.4\t3\tF\t9+\n100218\t3.4\t3\tF\t2\n100222\t3.3\t4\tF\t2\n100224\t6.5\t8\tM\t3\n100226\t1.5\t2\tF\t1\n100227\t2.6\t3\tM\t1\n100231\t1.8\t2\tM\t6-8\n100235\t5.5\t7\tM\t3\n100239\t5.2\t4\tM\t3\n100240\t2.3\t2\tM\t1\n100246\t2.7\t2\tM\t2\n100247\t3.7\t4\tF\t4-5\n100250\t4.8\t4\tF\t2\n100254\t4.2\t4\tM\t3\n100256\t5.4\t9\tM\t3\n100257\t2.2\t2\tM\t2\n100259\t3.6\t3\tM\t3\n100261\t3\t3\tM\t3\n100264\t2.2\t2\tM\t9+\n100266\t6.2\t7\tM\t3\n100267\t5.5\t6\tM\t3\n100274\t4.4\t5\tM\t3\n100277\t5.5\t6\tF\t9+\n100289\t5.7\t5\tM\t9+\n100292\t2.2\t2\tM\t6-8\n100295\t6.2\t6\tM\t2\n100297\t1.6\t1\tM\t1\n100301\t5.5\t7\tF\t9+\n100303\t3.8\t4\tF\t2\n100305\t3.6\t4\tM\t3\n100307\t1.8\t2\tF\t2\n100308\t4.4\t4\tF\t2\n100309\t6.6\t8\tM\t3\n100310\t5.4\t6\tM\t3\n100321\t0.9\t1\tM\t1\n100326\t4.4\t2\tF\t9+\n100328\t5.3\t5\tM\t2\n100330\t4.8\t5\tF\t4-5\n100332\t5\t6\tM\t3\n100334\t5.1\t10\tM\t3\n100335\t1\t1\tF\t1\n100336\t3.9\t3\tM\t9+\n100342\t2.4\t2\tM\t2\n100347\t2.8\t3\tF\t6-8\n100349\t1.5\t1\tF\t1\n100351\t5.3\t5\tM\t3\n100354\t4.7\t5\tF\t4-5\n100358\t2.7\t3\tF\t9+\n100360\t2.2\t2\tM\t9+\n100364\t3.2\t4\tF\t9+\n100367\t4.2\t5\tF\t2\n100368\t3.8\t3\tM\t3\n100370\t3.3\t3\tM\t2\n100372\t7.2\t10\tM\t3\n100373\t5.4\t6\tF\t2\n100374\t2.5\t2\tM\t2\n100376\t4\t5\tF\t4-5\n100378\t4.5\t4\tM\t3\n100379\t4\t4\tF\t9+\n100382\t6.9\t4\tM\t2\n100384\t3.7\t3\tM\t9+\n100389\t3.7\t4\tF\t4-5\n100394\t4.7\t5\tM\t3\n100396\t5\t7\tF\t2\n100402\t2\t2\tF\t9+\n100403\t3.3\t3\tM\t3\n100404\t6.1\t5\tM\t3\n100406\t6.1\t5\tM\t3\n100407\t3.3\t3\tM\t3\n100408\t4.7\t6\tM\t3\n100409\t4.3\t6\tF\t2\n100414\t3.1\t3\tM\t3\n100420\t5.7\t5\tM\t3\n100422\t4.3\t3\tF\t4-5\n100425\t7.5\t6\tM\t3\n100426\t3.5\t3\tF\t2\n100427\t2.5\t3\tM\t1\n100430\t5.6\t7\tF\t2\n100432\t2.5\t3\tM\t1\n100438\t4.2\t3\tF\t4-5\n100439\t1.9\t2\tF\t1\n100441\t4.4\t4\tM\t3\n100442\t6.5\t7\tM\t3\n100444\t2.4\t2\tM\t3\n100447\t1.7\t3\tM\t1\n100450\t5.5\t6\tM\t3\n100454\t1.3\t2\tF\t1\n100456\t5.1\t6\tM\t2\n100457\t3\t2\tM\t6-8\n100461\t2\t1\tM\t1\n100462\t4.9\t4\tM\t9+\n100465\t2.6\t3\tM\t3\n100468\t2.6\t3\tM\t2\n100471\t5.8\t5\tM\t3\n100475\t1.7\t3\tF\t1\n100476\t6.5\t6\tM\t3\n100479\t5.2\t4\tM\t3\n100481\t5.8\t5\tM\t9+\n100484\t1.9\t2\tF\t1\n100487\t2\t2\tM\t1\n100489\t1.7\t3\tF\t1\n100490\t4.6\t5\tM\t3\n100496\t7.6\t8\tM\t3\n100501\t2.4\t3\tM\t6-8\n100502\t4.1\t4\tM\t3\n100505\t1.5\t2\tF\t2\n100512\t5.4\t6\tM\t2\n100516\t4.4\t6\tM\t3\n100524\t3.9\t5\tM\t3\n100530\t5.3\t5\tF\t9+\n100531\t1.9\t2\tF\t1\n100532\t6.8\t6\tM\t3\n100533\t3.2\t4\tF\t1\n100541\t5.1\t5\tM\t3\n100542\t4.4\t5\tF\t2\n100547\t1.2\t2\tF\t1\n100554\t5.5\t6\tM\t3\n100555\t2.5\t2\tM\t6-8\n100559\t5.5\t5\tM\t2\n100561\t3.9\t4\tF\t2\n100562\t5\t5\tF\t2\n100565\t3.8\t4\tF\t9+\n100567\t2.2\t3\tM\t1\n100569\t4.5\t6\tM\t3\n100574\t4.8\t5\tF\t2\n100576\t4.1\t4\tM\t1\n100579\t5.7\t4\tF\t4-5\n100580\t5.3\t5\tF\t2\n100582\t4\t3\tM\t3\n100583\t1.9\t2\tM\t3\n100584\t3.8\t5\tM\t1\n100585\t2.3\t3\tM\t3\n100586\t2.2\t1\tM\t1\n100587\t5.3\t5\tF\t9+\n100594\t2.6\t1\tF\t6-8\n100598\t5.8\t6\tM\t2\n100600\t2.1\t3\tM\t3\n100602\t6.6\t6\tM\t2\n100608\t1.9\t2\tM\t1\n100609\t5.6\t6\tM\t3\n100611\t5.4\t6\tF\t2\n100612\t3.4\t4\tM\t3\n100613\t6.1\t7\tM\t2\n100620\t6.1\t5\tM\t3\n100625\t3.6\t5\tM\t2\n100627\t5.8\t7\tM\t2\n100629\t5.4\t5\tM\t3\n100630\t1.2\t2\tM\t1\n100633\t5.1\t4\tM\t3\n100640\t2.8\t3\tF\t9+\n100641\t4.2\t4\tM\t3\n100644\t6.3\t6\tM\t3\n100646\t4.3\t2\tF\t9+\n100647\t3.7\t3\tF\t4-5\n100652\t5.8\t7\tF\t2\n100654\t3.1\t3\tM\t3\n100658\t2.7\t2\tM\t9+\n100660\t4.7\t5\tM\t2\n100662\t4.7\t6\tM\t3\n100663\t2.9\t2\tF\t1\n100664\t2\t2\tF\t2\n100665\t5.5\t6\tM\t3\n100667\t4.6\t4\tF\t9+\n100669\t4.5\t4\tM\t3\n100670\t2.3\t3\tF\t2\n100671\t2.5\t2\tM\t2\n100674\t2.1\t3\tF\t9+\n100675\t2\t1\tM\t1\n100679\t6.3\t8\tM\t3\n100681\t4.7\t7\tM\t3\n100682\t2.2\t2\tM\t1\n100685\t4.3\t3\tM\t2\n100688\t4.4\t3\tF\t4-5\n100689\t2.8\t3\tM\t2\n100691\t4.3\t4\tM\t3\n100692\t4.7\t4\tM\t2\n100695\t3.5\t3\tM\t1\n100697\t5\t4\tM\t3\n100698\t5.5\t5\tM\t3\n100704\t4.6\t4\tM\t3\n100706\t4.8\t0\tM\t2\n100711\t4\t4\tF\t9+\n100714\t4.9\t4\tM\t3\n100718\t3.9\t3\tM\t3\n100721\t5\t6\tM\t2\n100723\t5.4\t10\tF\t9+\n100725\t1.7\t2\tF\t2\n100727\t3.2\t1\tF\t4-5\n100734\t2.9\t3\tM\t1\n100735\t5.6\t5\tF\t9+\n100737\t1.7\t2\tF\t2\n100739\t4.2\t4\tM\t3\n100742\t1.1\t1\tF\t1\n100747\t3.5\t3\tM\t3\n100750\t6.2\t8\tM\t2\n100754\t6.3\t6\tM\t3\n100756\t6.2\t9\tM\t3\n100758\t4.5\t4\tM\t3\n100761\t3.2\t3\tM\t6-8\n100763\t3.3\t4\tM\t3\n100764\t4.4\t4\tM\t2\n100766\t4.9\t5\tF\t9+\n100767\t5.6\t6\tM\t3\n100771\t5.5\t6\tF\t2\n100773\t1.8\t2\tF\t1\n100774\t1.6\t2\tF\t1\n100775\t4.3\t4\tM\t3\n100777\t3.7\t5\tM\t3\n100778\t6\t5\tM\t3\n100780\t5.6\t7\tM\t3\n100783\t3.5\t3\tM\t3\n100784\t3.1\t3\tM\t6-8\n100788\t2.8\t3\tF\t1\n100791\t4.8\t3\tF\t4-5\n100793\t4.6\t5\tM\t3\n100799\t2.6\t3\tM\t1\n100800\t5.6\t5\tM\t3\n100804\t6\t6\tF\t2\n100806\t4.5\t4\tM\t3\n100808\t3.4\t3\tM\t9+\n100811\t4.8\t3\tF\t2\n100812\t4.3\t5\tM\t3\n100814\t5.1\t4\tM\t2\n100816\t4.6\t4\tF\t4-5\n100818\t5.5\t5\tM\t3\n100823\t5.1\t4\tM\t2\n100824\t1.9\t3\tF\t9+\n100825\t2.1\t2\tF\t2\n100827\t6.5\t6\tM\t3\n100832\t3.3\t3\tM\t2\n100834\t3.9\t3\tM\t3\n100838\t3.6\t4\tM\t3\n100839\t3.6\t4\tM\t3\n100841\t6.4\t6\tM\t2\n100844\t4.6\t4\tM\t3\n100845\t3\t3\tM\t2\n100846\t1.9\t2\tM\t1\n100848\t6.2\t9\tF\t2\n100850\t4.7\t4\tM\t3\n100859\t1.7\t1\tM\t1\n100862\t5\t4\tM\t3\n100864\t0.8\t0\tF\t1\n100871\t5.1\t4\tM\t3\n100874\t6\t5\tF\t4-5\n100877\t2.7\t3\tM\t2\n100878\t5.4\t6\tM\t3\n100880\t4.7\t4\tM\t3\n100881\t4\t4\tM\t2\n100884\t4.8\t2\tM\t3\n100885\t1.8\t1\tM\t6-8\n100886\t1.5\t2\tM\t1\n100888\t4.1\t4\tM\t1\n100889\t5\t5\tM\t3\n100890\t6.1\t6\tF\t9+\n100894\t3\t1\tM\t2\n100895\t4.3\t5\tM\t3\n100896\t1.9\t2\tF\t1\n100898\t5.1\t8\tM\t6-8\n100899\t6.3\t4\tM\t2\n100900\t5\t4\tM\t3\n100905\t4.1\t9\tF\t2\n100906\t4.9\t4\tM\t3\n100911\t5\t5\tM\t3\n100913\t4.8\t7\tF\t6-8\n100914\t3.9\t4\tM\t1\n100915\t1.4\t2\tF\t1\n100916\t2.8\t3\tM\t3\n100917\t5\t5\tM\t3\n100918\t3.4\t3\tM\t2\n100921\t3.9\t6\tM\t3\n100928\t4.4\t4\tM\t3\n100934\t2.7\t4\tM\t2\n100935\t1.9\t2\tF\t2\n100939\t4.8\t4\tM\t3\n100940\t3.2\t3\tF\t4-5\n100941\t4.5\t3\tF\t4-5\n100942\t5.2\t4\tM\t3\n100943\t4.6\t3\tM\t3\n100947\t4\t4\tM\t1\n100950\t5.4\t6\tM\t3\n100951\t4.9\t5\tM\t9+\n100953\t5.7\t10\tM\t3\n100954\t3.8\t4\tF\t4-5\n100958\t2.6\t1\tF\t9+\n100959\t4.8\t4\tM\t3\n100960\t3.1\t4\tM\t2\n100964\t2.4\t2\tF\t2\n100966\t2.9\t4\tF\t4-5\n100968\t5.2\t6\tM\t2\n100971\t4.4\t3\tM\t3\n100972\t6.3\t6\tM\t3\n100973\t6\t7\tM\t3\n100975\t5.8\t8\tM\t3\n100977\t4.1\t7\tF\t4-5\n100979\t2.4\t2\tM\t3\n100981\t0.9\t1\tF\t1\n100984\t3.9\t3\tM\t3\n100985\t5.9\t6\tM\t3\n100986\t4.6\t5\tM\t3\n100987\t4.9\t5\tF\t2\n100995\t2.5\t2\tM\t2\n100997\t5.4\t5\tM\t3\n101000\t5.7\t7\tM\t3\n101004\t2\t2\tM\t1\n101007\t5.7\t7\tM\t3\n101008\t2.5\t3\tM\t1\n101009\t4.6\t4\tM\t3\n101010\t5.4\t6\tM\t3\n101011\t4.1\t6\tM\t3\n101018\t3.3\t3\tM\t3\n101019\t5.4\t6\tF\t2\n101020\t4.7\t4\tM\t3\n101021\t3.2\t3\tF\t9+\n101022\t3.6\t5\tM\t3\n101024\t2.4\t3\tM\t2\n101026\t4.2\t4\tM\t3\n101031\t4.2\t4\tM\t3\n101034\t6\t4\tM\t9+\n101042\t4.1\t7\tM\t3\n101043\t2.8\t3\tF\t9+\n101047\t6.8\t3\tM\t3\n101049\t4.2\t5\tM\t3\n101056\t3.1\t3\tM\t6-8\n101057\t5.8\t3\tF\t4-5\n101058\t5.3\t5\tF\t9+\n101061\t2.3\t2\tF\t9+\n101064\t1.6\t1\tM\t2\n101065\t4.2\t4\tM\t2\n101069\t4.1\t3\tF\t9+\n101070\t2.4\t3\tF\t2\n101072\t3.9\t6\tF\t1\n101074\t1.2\t1\tM\t1\n101079\t1.8\t2\tF\t2\n101080\t2.8\t3\tM\t3\n101081\t4.4\t4\tM\t2\n101086\t6.4\t7\tM\t3\n101094\t3.3\t1\tF\t9+\n101095\t1.3\t2\tF\t1\n101097\t5.3\t6\tF\t6-8\n101099\t1.2\t1\tF\t6-8\n101101\t5.6\t5\tM\t3\n101102\t6.2\t5\tF\t2\n101103\t4.8\t7\tM\t3\n101105\t2.6\t3\tM\t3\n101106\t3.9\t4\tM\t3\n101110\t5.6\t2\tM\t3\n101111\t3.3\t3\tM\t1\n101113\t4.1\t3\tM\t3\n101115\t1.4\t1\tM\t1\n101120\t5.3\t5\tM\t2\n101125\t3.8\t3\tF\t4-5\n101126\t5\t5\tF\t4-5\n101127\t4.8\t4\tF\t9+\n101128\t5.8\t6\tM\t9+\n101131\t3.2\t3\tF\t2\n101136\t5.4\t5\tM\t2\n101137\t4.5\t3\tF\t9+\n101138\t1.5\t1\tF\t1\n101139\t6.3\t5\tM\t3\n101140\t2.2\t3\tF\t1\n101142\t5\t4\tM\t3\n101144\t5\t5\tM\t3\n101146\t1.7\t1\tF\t1\n101147\t5.3\t5\tM\t2\n101149\t2.6\t3\tF\t2\n101150\t4.4\t5\tF\t2\n101151\t5.2\t11\tM\t9+\n101157\t6.2\t2\tM\t3\n101158\t1.7\t1\tF\t1\n101160\t4.9\t5\tF\t9+\n101162\t3.7\t3\tF\t9+\n101164\t4.5\t5\tM\t2\n101169\t3\t3\tM\t2\n101170\t4\t3\tM\t3\n101171\t1.4\t2\tF\t2\n101172\t1.5\t2\tM\t1\n101173\t4\t3\tM\t2\n101174\t5.7\t6\tM\t3\n101175\t2.6\t3\tF\t9+\n101180\t6.1\t7\tF\t2\n101182\t3.7\t3\tM\t3\n101187\t2.9\t3\tF\t2\n101189\t5.9\t6\tM\t3\n101190\t2.3\t2\tF\t2\n101200\t1.3\t1\tF\t1\n101204\t1.2\t1\tM\t1\n101207\t2.5\t1\tM\t2\n101209\t4.5\t5\tF\t9+\n101216\t1.3\t1\tF\t1\n101217\t3.1\t3\tM\t2\n101218\t3\t3\tM\t2\n101219\t6.2\t1\tF\t4-5\n101221\t5.4\t7\tM\t2\n101224\t3.8\t4\tM\t3\n101225\t1.2\t2\tF\t1\n101227\t4.5\t4\tF\t2\n101228\t1.5\t2\tF\t2\n101229\t3.6\t4\tM\t3\n101235\t5\t6\tM\t3\n101240\t4\t4\tM\t2\n101242\t5.5\t5\tF\t2\n101244\t3\t2\tM\t9+\n101245\t2.6\t3\tF\t2\n101247\t2.8\t3\tF\t2\n101248\t5.4\t6\tF\t2\n101249\t4.7\t6\tM\t3\n101252\t1.5\t1\tF\t1\n101258\t3.6\t3\tM\t3\n101261\t1.9\t2\tF\t2\n101263\t5.7\t7\tM\t3\n101267\t1.9\t2\tM\t1\n101270\t5\t4\tM\t3\n101274\t3.5\t3\tM\t3\n101275\t5.8\t6\tM\t3\n101276\t2\t2\tF\t9+\n101278\t2.4\t3\tF\t9+\n101279\t1.5\t1\tM\t1\n101281\t1.7\t2\tM\t1\n101284\t1.6\t2\tF\t1\n101286\t5.7\t4\tM\t3\n101299\t3\t3\tM\t2\n101300\t4.7\t4\tM\t3\n101301\t6.1\t5\tM\t3\n101302\t3.9\t2\tF\t2\n101303\t2.5\t4\tF\t2\n101304\t5\t5\tF\t9+\n101306\t4.8\t4\tM\t3\n101307\t2.8\t3\tM\t1\n101316\t4.1\t4\tF\t9+\n101317\t6.5\t3\tM\t3\n101320\t2.6\t3\tM\t2\n101323\t5.2\t4\tM\t3\n101324\t5.4\t7\tM\t3\n101326\t6.5\t8\tM\t3\n101329\t1.4\t2\tF\t1\n101332\t5.7\t5\tF\t9+\n101333\t5.9\t7\tF\t2\n101335\t5.6\t6\tM\t2\n101337\t4.5\t5\tF\t9+\n101339\t4.3\t4\tM\t2\n101340\t4.5\t5\tF\t2\n101341\t5.9\t8\tM\t3\n101346\t5.2\t5\tM\t3\n101347\t2.7\t2\tM\t3\n101351\t5.1\t6\tM\t3\n101353\t1.6\t1\tF\t2\n101354\t6.5\t6\tM\t3\n101360\t2.4\t2\tM\t2\n101364\t1.8\t3\tM\t1\n101365\t5.6\t5\tF\t2\n101366\t6.6\t8\tM\t3\n101367\t3.6\t5\tM\t3\n101368\t4\t3\tM\t9+\n101370\t2.8\t2\tF\t1\n101374\t5.8\t6\tM\t3\n101375\t4.9\t6\tM\t3\n101377\t5\t4\tM\t3\n101378\t6.8\t9\tF\t9+\n101379\t2.5\t2\tM\t2\n101381\t1.3\t2\tF\t1\n101382\t3.9\t3\tF\t9+\n101384\t1.5\t2\tM\t1\n101385\t2.3\t3\tF\t4-5\n101386\t3.9\t3\tM\t3\n101387\t4.4\t5\tM\t3\n101390\t3.2\t3\tF\t1\n101391\t3.3\t3\tM\t3\n101392\t5.4\t6\tF\t9+\n101393\t1.3\t1\tF\t2\n101394\t3.1\t3\tM\t1\n101395\t2.5\t3\tM\t3\n101396\t4.2\t5\tM\t3\n101397\t4.4\t7\tF\t4-5\n101402\t1.3\t2\tF\t2\n101403\t5.4\t6\tM\t3\n101405\t2.3\t3\tM\t1\n101407\t3.8\t3\tM\t6-8\n101409\t4.6\t5\tM\t3\n101410\t4\t4\tF\t4-5\n101411\t2.7\t3\tM\t9+\n101412\t4.3\t4\tM\t2\n101416\t0.5\t1\tF\t1\n101423\t1.7\t2\tM\t1\n101427\t3.9\t6\tM\t9+\n101430\t3.9\t5\tF\t2\n101431\t5.7\t6\tM\t3\n101436\t2.2\t3\tF\t1\n101439\t3.6\t4\tF\t4-5\n101441\t0.8\t1\tM\t1\n101444\t5.8\t6\tM\t3\n101446\t5\t5\tF\t9+\n101448\t4.7\t2\tM\t3\n101450\t4.6\t4\tM\t3\n101455\t5.4\t5\tF\t1\n101457\t4.5\t4\tM\t2\n101460\t4.5\t6\tM\t3\n101461\t4.9\t8\tM\t3\n101464\t5.5\t4\tM\t2\n101479\t5\t6\tM\t3\n101480\t2.6\t1\tM\t2\n101483\t1.3\t0\tF\t1\n101484\t3.2\t2\tM\t1\n101488\t5.1\t3\tM\t3\n101489\t5.8\t7\tM\t3\n101490\t2.2\t2\tM\t1\n101493\t6.1\t8\tM\t3\n101495\t3.3\t4\tM\t3\n101496\t5.2\t6\tM\t2\n101500\t2\t2\tM\t1\n101502\t3\t3\tM\t2\n101503\t1.7\t2\tF\t2\n101507\t3.1\t3\tM\t3\n101511\t3.4\t5\tM\t2\n101512\t3.1\t4\tF\t2\n101515\t3.2\t2\tF\t9+\n101517\t4.1\t4\tF\t9+\n101518\t2.7\t2\tM\t6-8\n101520\t4.7\t5\tM\t3\n101523\t1.6\t2\tM\t2\n101524\t4.5\t5\tM\t3\n101525\t1.1\t1\tF\t1\n101527\t1.6\t1\tM\t1\n101528\t5.6\t5\tM\t2\n101530\t4.1\t3\tM\t3\n101531\t3.1\t3\tM\t3\n101532\t4.4\t4\tM\t2\n101535\t3.6\t4\tF\t2\n101536\t6.6\t6\tM\t3\n101537\t3.6\t3\tM\t3\n101539\t3.8\t2\tF\t2\n101543\t5.2\t5\tM\t2\n101548\t2.6\t3\tF\t2\n101558\t2.5\t3\tF\t9+\n101560\t5.5\t7\tM\t3\n101566\t4.7\t6\tM\t2\n101567\t4.9\t5\tM\t3\n101573\t3.5\t3\tM\t3\n101575\t2.3\t1\tF\t4-5\n101577\t3.3\t3\tF\t4-5\n101578\t6.2\t5\tM\t3\n101580\t5.2\t4\tM\t3\n101586\t3.8\t4\tF\t2\n101587\t3.9\t4\tF\t9+\n101592\t3.4\t4\tF\t4-5\n101593\t6\t8\tM\t3\n101595\t2.8\t3\tM\t3\n101598\t3.3\t4\tF\t2\n101600\t5.3\t5\tM\t3\n101602\t1.5\t1\tF\t1\n101605\t6.1\t6\tM\t3\n101608\t4.4\t5\tM\t2\n101616\t1.4\t2\tF\t1\n101619\t3.8\t3\tF\t9+\n101620\t5.5\t7\tM\t3\n101622\t2.4\t2\tM\t2\n101627\t3.4\t4\tM\t2\n101628\t1.7\t2\tM\t1\n101629\t4.9\t6\tM\t3\n101630\t4.7\t5\tM\t3\n101632\t3.9\t4\tM\t1\n101635\t5.6\t6\tM\t3\n101640\t3.3\t4\tM\t2\n101641\t5.9\t6\tM\t3\n101644\t4.3\t5\tM\t2\n101649\t4.8\t5\tF\t1\n101650\t1.5\t1\tM\t1\n101651\t4.4\t2\tM\t3\n101656\t3.9\t2\tM\t3\n101657\t2.7\t3\tM\t2\n101659\t1.5\t2\tF\t1\n101661\t1.7\t2\tF\t1\n101663\t4.2\t4\tF\t2\n101664\t6\t9\tM\t3\n101666\t5.1\t4\tM\t3\n101667\t4.7\t5\tF\t4-5\n101668\t3.9\t4\tM\t2\n101669\t1.3\t1\tF\t6-8\n101670\t3.9\t4\tM\t3\n101675\t2.4\t3\tM\t2\n101676\t5.2\t7\tM\t3\n101680\t3.9\t3\tM\t3\n101681\t5.8\t7\tM\t3\n101687\t4.1\t5\tF\t9+\n101689\t4.9\t6\tM\t3\n101693\t5.7\t0\tF\t4-5\n101698\t3.8\t3\tM\t1\n101702\t5.7\t6\tM\t3\n101705\t1.1\t2\tF\t1\n101706\t1.5\t1\tM\t9+\n101707\t4.8\t4\tM\t2\n101708\t7\t7\tM\t3\n101710\t2.7\t3\tM\t9+\n101711\t2.1\t2\tF\t2\n101712\t5.6\t5\tM\t3\n101714\t2.6\t3\tM\t1\n101715\t5.1\t6\tF\t1\n101717\t2.8\t3\tM\t3\n101718\t1.5\t2\tF\t6-8\n101721\t7\t7\tM\t3\n101726\t5\t5\tM\t3\n101727\t3.8\t3\tM\t6-8\n101728\t2.2\t2\tM\t6-8\n101731\t5.7\t7\tM\t3\n101734\t4.3\t4\tF\t9+\n101737\t5.6\t4\tM\t3\n101747\t6.1\t5\tM\t3\n101749\t3.8\t3\tM\t3\n101750\t2.1\t2\tF\t6-8\n101752\t1.6\t1\tF\t1\n101754\t5.3\t6\tM\t3\n101755\t4.8\t4\tM\t3\n101759\t1.8\t2\tF\t1\n101761\t2.2\t2\tM\t1\n101762\t1\t2\tF\t1\n101763\t5.9\t5\tM\t3\n101764\t5.2\t5\tF\t2\n101766\t3.6\t3\tF\t2\n101767\t2.9\t5\tM\t3\n101771\t5.4\t7\tM\t3\n101773\t3.3\t3\tF\t4-5\n101775\t2.5\t1\tM\t2\n101776\t5\t4\tM\t3\n101780\t3.8\t4\tM\t3\n101781\t4.4\t5\tM\t3\n101784\t5.4\t3\tF\t9+\n101786\t3.5\t3\tF\t9+\n101789\t6.2\t3\tM\t2\n101791\t7\t5\tF\t9+\n101793\t4.6\t5\tM\t3\n101796\t3.8\t3\tM\t2\n101801\t5.6\t6\tM\t3\n101802\t5.3\t5\tF\t9+\n101804\t3.4\t4\tF\t2\n101809\t4.8\t4\tM\t2\n101810\t2.6\t3\tM\t1\n101814\t2.7\t3\tM\t2\n101815\t3\t3\tM\t2\n101817\t5.2\t8\tF\t9+\n101818\t5.1\t6\tF\t2\n101823\t5.8\t5\tM\t3\n101824\t4.9\t6\tM\t3\n101825\t5.3\t5\tF\t9+\n101826\t5.5\t5\tM\t3\n101827\t3.6\t3\tM\t3\n101829\t3.6\t3\tM\t3\n101830\t3.1\t3\tM\t1\n101835\t2.5\t1\tF\t2\n101839\t2.5\t3\tF\t1\n101841\t3.9\t4\tM\t3\n101843\t5\t5\tF\t2\n101844\t5.7\t6\tM\t3\n101845\t5.3\t5\tF\t2\n101846\t6\t5\tM\t3\n101848\t5.5\t5\tM\t3\n101849\t3.6\t3\tM\t3\n101850\t5.3\t5\tF\t9+\n101851\t5.5\t5\tF\t2\n101853\t2.3\t2\tF\t2\n101857\t4.7\t4\tF\t9+\n101860\t5.7\t1\tM\t3\n101863\t5.4\t9\tM\t3\n101866\t1.8\t2\tF\t9+\n101867\t3.4\t3\tM\t9+\n101870\t3\t4\tM\t2\n101873\t1.5\t2\tF\t9+\n101877\t4.2\t4\tM\t3\n101878\t5.1\t4\tM\t3\n101882\t5\t5\tM\t3\n101883\t4.6\t5\tF\t9+\n101885\t4.3\t5\tF\t4-5\n101886\t1\t1\tM\t1\n101888\t1.6\t2\tF\t4-5\n101889\t3.4\t3\tM\t3\n101890\t1.3\t1\tF\t1\n101891\t5.6\t5\tM\t3\n101892\t5.7\t6\tM\t3\n101895\t4.2\t6\tF\t2\n101896\t1.5\t1\tF\t1\n101897\t4\t3\tM\t3\n101899\t5.8\t9\tM\t3\n101902\t2.4\t2\tM\t3\n101907\t7.4\t7\tM\t2\n101908\t1.6\t2\tM\t1\n101911\t2.2\t3\tM\t2\n101912\t6.5\t6\tF\t2\n101915\t2.7\t2\tF\t4-5\n101916\t5.2\t5\tM\t3\n101917\t5.8\t5\tM\t3\n101918\t5.8\t7\tM\t3\n101919\t4.3\t4\tM\t6-8\n101921\t2.2\t1\tF\t2\n101930\t3.9\t4\tF\t2\n101932\t5\t5\tM\t3\n101933\t4.8\t5\tM\t1\n101934\t0.5\t1\tF\t1\n101938\t3.9\t4\tF\t2\n101942\t3\t3\tM\t9+\n101947\t4.9\t5\tM\t3\n101950\t2.3\t2\tF\t2\n101951\t4.4\t4\tM\t2\n101953\t3.5\t4\tF\t2\n101954\t2\t3\tF\t2\n101957\t2.7\t3\tM\t6-8\n101965\t4.5\t4\tM\t2\n101966\t3.3\t3\tM\t3\n101967\t5.1\t3\tF\t4-5\n101970\t2.9\t3\tF\t1\n101975\t4.3\t3\tF\t9+\n101976\t4\t4\tM\t2\n101978\t5.5\t6\tM\t3\n101980\t5.5\t6\tF\t9+\n101982\t5.3\t6\tF\t2\n101986\t5.5\t5\tM\t3\n101988\t4\t3\tM\t3\n101996\t3.2\t3\tM\t3\n101998\t2.8\t3\tM\t3\n102000\t4.6\t4\tF\t9+\n102004\t5.1\t4\tM\t3\n102006\t5\t5\tF\t9+\n102009\t5\t4\tM\t3\n102012\t2.5\t3\tF\t2\n102014\t4.2\t4\tM\t3\n102016\t2.9\t3\tM\t2\n102019\t5.3\t5\tF\t4-5\n102021\t3.1\t4\tM\t3\n102022\t4.6\t7\tM\t3\n102026\t1.6\t1\tF\t6-8\n102028\t2.9\t4\tM\t1\n102031\t4\t4\tM\t3\n102033\t4.4\t6\tM\t3\n102034\t5.8\t6\tM\t3\n102037\t5.8\t5\tM\t3\n102038\t1.8\t2\tF\t1\n102039\t4.7\t3\tM\t2\n102041\t5.8\t8\tF\t9+\n102044\t4.7\t6\tM\t3\n102045\t2\t2\tM\t1\n102050\t3.4\t2\tF\t9+\n102051\t6.2\t9\tF\t9+\n102056\t3.3\t3\tM\t3\n102057\t3.8\t4\tF\t1\n102059\t3.9\t5\tM\t3\n102060\t2.7\t3\tM\t6-8\n102061\t5\t5\tF\t9+\n102063\t1.8\t3\tF\t1\n102064\t4.7\t4\tM\t2\n102065\t4\t3\tM\t3\n102067\t5.2\t2\tM\t3\n102078\t2.8\t6\tF\t2\n102081\t3.3\t3\tM\t2\n102082\t6.5\t7\tM\t3\n102083\t5.8\t6\tM\t3\n102084\t6.1\t5\tM\t3\n102086\t5.8\t6\tM\t3\n102090\t6\t5\tM\t2\n102091\t4\t3\tM\t3\n102092\t2.4\t2\tM\t2\n102093\t6.4\t6\tM\t2\n102097\t7.9\t7\tM\t3\n102098\t5.1\t5\tM\t3\n102099\t1.9\t2\tM\t1\n102102\t5\t4\tM\t2\n102103\t5.2\t6\tM\t2\n102111\t2.8\t3\tF\t1\n102116\t6.3\t7\tM\t2\n102119\t3\t3\tM\t2\n102120\t5.2\t5\tM\t3\n102121\t3.2\t3\tM\t6-8\n102122\t4.7\t4\tF\t9+\n102134\t1.4\t2\tM\t1\n102135\t2.8\t3\tM\t1\n102136\t1.8\t2\tF\t2\n102137\t1.9\t1\tM\t1\n102138\t3.8\t4\tM\t2\n102140\t5.1\t4\tM\t3\n102145\t3.3\t3\tM\t9+\n102149\t2.5\t3\tM\t1\n102151\t6.7\t7\tF\t2\n102153\t2.3\t3\tF\t6-8\n102154\t2.6\t1\tM\t2\n102155\t4.5\t4\tF\t9+\n102157\t3.9\t3\tM\t6-8\n102158\t4.7\t3\tF\t2\n102164\t3.8\t3\tF\t9+\n102167\t4.4\t4\tM\t3\n102168\t2.8\t3\tM\t1\n102171\t2.2\t2\tF\t1\n102176\t6.1\t6\tF\t2\n102180\t5.1\t6\tF\t4-5\n102182\t6\t5\tM\t3\n102183\t5.3\t8\tM\t3\n102184\t5.4\t5\tM\t3\n102185\t3.5\t2\tM\t3\n102186\t3.1\t3\tM\t3\n102192\t2.5\t3\tF\t6-8\n102196\t4.5\t5\tM\t3\n102198\t3.5\t2\tF\t4-5\n102200\t4.3\t4\tM\t3\n102202\t3.4\t4\tM\t3\n102205\t4.9\t8\tM\t3\n102206\t2\t2\tM\t3\n102207\t1.8\t2\tM\t1\n102211\t3.2\t3\tM\t2\n102220\t5.4\t7\tM\t2\n102223\t3.9\t3\tM\t2\n102225\t2.5\t2\tM\t2\n102227\t5.5\t5\tM\t3\n102231\t3.4\t2\tM\t2\n102233\t4.1\t5\tM\t3\n102236\t1.6\t2\tF\t4-5\n102238\t1.3\t2\tF\t1\n102245\t4.1\t4\tF\t9+\n102246\t4.5\t4\tM\t2\n102248\t5\t4\tM\t3\n102251\t3.9\t4\tF\t9+\n102252\t6.1\t6\tF\t2\n102254\t5.1\t5\tM\t2\n102257\t5.6\t5\tM\t3\n102259\t4.4\t4\tM\t2\n102262\t3.6\t3\tM\t3\n102263\t5.6\t4\tF\t2\n102269\t3.2\t3\tF\t4-5\n102270\t3.9\t3\tM\t2\n102271\t4.1\t4\tM\t3\n102273\t3.4\t5\tM\t1\n102275\t5.8\t5\tM\t3\n102277\t7.1\t12\tM\t3\n102278\t2.7\t2\tF\t4-5\n102281\t4.8\t4\tM\t2\n102282\t5.3\t6\tM\t3\n102283\t5.9\t7\tM\t3\n102284\t5.8\t6\tM\t3\n102287\t3.6\t2\tF\t4-5\n102288\t4\t3\tM\t3\n102291\t2.8\t3\tM\t3\n102293\t1.9\t3\tM\t2\n102296\t3.7\t3\tM\t2\n102298\t5.3\t5\tM\t3\n102299\t5.6\t5\tF\t9+\n102303\t3\t2\tM\t2\n102304\t5.2\t5\tM\t3\n102305\t2.5\t3\tF\t2\n102306\t5.2\t6\tM\t3\n102309\t5.1\t5\tM\t3\n102310\t6.2\t5\tM\t2\n102312\t1.6\t2\tM\t1\n102314\t1.3\t1\tF\t1\n102316\t5.3\t8\tF\t2\n102317\t6.2\t4\tM\t2\n102318\t1.4\t2\tM\t1\n102322\t5.5\t4\tF\t2\n102324\t4.7\t4\tM\t3\n102325\t3.4\t5\tM\t3\n102326\t5.8\t11\tM\t3\n102328\t3.8\t2\tF\t2\n102333\t5\t5\tM\t3\n102336\t3.6\t3\tM\t3\n102340\t6.4\t5\tM\t3\n102342\t5\t7\tF\t2\n102346\t5.2\t6\tM\t3\n102349\t3.8\t4\tM\t1\n102350\t3.2\t3\tF\t9+\n102352\t2.4\t3\tM\t2\n102363\t2.9\t3\tF\t1\n102364\t3.3\t4\tF\t2\n102365\t5.4\t6\tM\t3\n102369\t5.5\t6\tF\t2\n102372\t1.1\t2\tF\t4-5\n102373\t5.3\t5\tF\t2\n102374\t5.8\t8\tM\t3\n102377\t1\t0\tF\t1\n102378\t5.8\t6\tM\t3\n102382\t1.3\t1\tF\t1\n102383\t3.7\t3\tM\t3\n102384\t5.8\t5\tM\t3\n102385\t5.2\t4\tM\t3\n102387\t2.3\t3\tF\t2\n102389\t4.3\t5\tM\t2\n102394\t5.4\t4\tM\t3\n102395\t5.8\t6\tM\t3\n102400\t4.5\t5\tM\t3\n102401\t4.7\t7\tM\t3\n102402\t3.6\t3\tM\t3\n102403\t2.2\t2\tM\t1\n102405\t2.5\t3\tF\t1\n102406\t4.4\t4\tM\t3\n102407\t4.7\t4\tM\t3\n102409\t1.9\t2\tF\t1\n102411\t4.9\t7\tF\t4-5\n102415\t4.3\t5\tM\t9+\n102420\t6.9\t3\tM\t9+\n102422\t6.6\t8\tM\t2\n102423\t5.5\t5\tM\t2\n102424\t3.6\t4\tF\t9+\n102425\t2.3\t3\tF\t4-5\n102427\t4.5\t4\tM\t1\n102431\t1.1\t1\tF\t1\n102435\t5.4\t6\tM\t3\n102436\t4.6\t6\tF\t4-5\n102441\t5.8\t6\tM\t3\n102448\t1.3\t1\tF\t1\n102450\t4.9\t1\tM\t3\n102456\t5.5\t3\tM\t3\n102465\t3.5\t4\tM\t2\n102466\t3.9\t4\tM\t3\n102469\t3.3\t3\tM\t3\n102470\t4.9\t5\tM\t3\n102472\t5.7\t3\tM\t3\n102473\t4.6\t6\tM\t3\n102474\t4.9\t5\tM\t3\n102479\t4.6\t5\tF\t4-5\n102482\t5.2\t5\tM\t3\n"}]},"jobName":"paragraph_1565709412377_-594562598","id":"20190813-151652_1977774380","dateCreated":"2019-08-13T15:16:52+0000","dateStarted":"2019-08-13T16:08:47+0000","dateFinished":"2019-08-13T16:08:48+0000","status":"FINISHED","progressUpdateIntervalMs":500,"commited":true,"$$hashKey":"object:162"},{"text":"%script ","user":"CBERGER","dateUpdated":"2018-02-07T02:20:34+0000","config":{"colWidth":12,"graph":{"mode":"table","height":300,"optionOpen":false,"keys":[],"values":[],"groups":[],"scatter":{}},"enabled":true,"editorMode":"ace/mode/plsql","results":{},"editorSetting":{"language":"plsql","editOnDblClick":false}},"settings":{"params":{},"forms":{}},"jobName":"paragraph_1565708318753_1596065291","id":"20190813-145838_727144440","dateCreated":"2018-02-07T02:20:34+0000","status":"READY","progressUpdateIntervalMs":500,"commited":false,"$$hashKey":"object:163"}],"name":"Regression","id":"212519","angularObjects":{"MDW381939C745:shared_process":[],"ORA63CE37E276:shared_process":[]},"config":{"looknfeel":"default","personalizedMode":"false"},"info":{}}