﻿{"paragraphs":[{"text":"%md\n## Forecasting Sales Using Exponential Smoothing Algorithm for Time Series Data\n\n#### Oracle Machine Learning supports time series forecasting via the Exponential Smoothing algorithm inside the Oracle Autonomous Database (ADB).  This sales forecasting example is based on the SH.SALES example data.\n\nUpdated August 2019 by Charlie Berger , Dhvani Sheth, Siddesh C Prabhu Dev Ujjni, Mark Hornick, Marcos Arancibia\nCopyright (c) 2019 Oracle and/or its affiliates. All rights reserved.","user":"MARK","dateUpdated":"2019-08-13T16:07:44+0000","config":{"colWidth":10,"graph":{"mode":"table","height":300,"optionOpen":false,"keys":[],"values":[],"groups":[],"scatter":{}},"enabled":true,"editorMode":"ace/mode/markdown","results":{},"editorSetting":{"language":"md","editOnDblClick":false},"editorHide":true,"tableHide":false},"settings":{"params":{},"forms":{}},"results":{"code":"SUCCESS","msg":[{"type":"HTML","data":"<h2>Forecasting Sales Using Exponential Smoothing Algorithm for Time Series Data</h2>\n<h4>Oracle Machine Learning supports time series forecasting via the Exponential Smoothing algorithm inside the Oracle Autonomous Database (ADB).  This sales forecasting example is based on the SH.SALES example data.</h4>\n<p>Updated August 2019 by Charlie Berger , Dhvani Sheth, Siddesh C Prabhu Dev Ujjni, Mark Hornick, Marcos Arancibia\n<br  />Copyright (c) 2019 Oracle and/or its affiliates. All rights reserved.</p>\n"}]},"jobName":"paragraph_1565708319500_120824617","id":"20190813-145839_451535830","dateCreated":"2019-01-14T22:00:57+0000","dateStarted":"2019-08-13T16:07:42+0000","dateFinished":"2019-08-13T16:07:42+0000","status":"FINISHED","progressUpdateIntervalMs":500,"commited":true,"focus":true,"$$hashKey":"object:144"},{"text":"%md\n<dl>\n<img src=\"http://www.oracle.com/technetwork/database/options/advanced-analytics/timeseries-5663161.jpg\" alt=\"OML Notebooks\" width=\"300\"/>\n</dl>\n\n","user":"MARCOS","dateUpdated":"2019-08-12T20:09:33+0000","config":{"colWidth":2,"enabled":true,"results":{"0":{"graph":{"mode":"table","height":114.028,"optionOpen":false}}},"editorSetting":{"language":"md","editOnDblClick":false},"editorMode":"ace/mode/markdown","editorHide":true,"tableHide":false},"settings":{"params":{},"forms":{}},"results":{"code":"SUCCESS","msg":[{"type":"HTML","data":"<dl>\n<img src=\"http://www.oracle.com/technetwork/database/options/advanced-analytics/timeseries-5663161.jpg\" alt=\"OML Notebooks\" width=\"300\"/>\n</dl>\n"}]},"jobName":"paragraph_1565708319500_1745624183","id":"20190813-145839_983029025","dateCreated":"2019-04-14T23:12:39+0000","dateStarted":"2019-08-12T06:31:40+0000","dateFinished":"2019-08-12T06:31:40+0000","status":"FINISHED","progressUpdateIntervalMs":500,"commited":true,"$$hashKey":"object:145"},{"text":"%md\n\n##### \nFor more information, check the Oracle ADW Documentation <https://docs.oracle.com/en/cloud/paas/autonomous-data-warehouse-cloud/index.html>\nOracle Machine Learning folder on Oracle on Github <https://github.com/oracle/oracle-db-examples/tree/master/machine-learning>\nOracle Machine Learning web page: <https://www.oracle.com/database/technologies/datawarehouse-bigdata/machine-learning.html>\nIntroducing Oracle Machine Learning blog post: <https://blogs.oracle.com/datamining/introducing-oracle-machine-learning-sql-notebooks-for-the-oracle-autonomous-data-warehouse-cloud>","user":"MARCOS","dateUpdated":"2019-08-12T06:32:10+0000","config":{"colWidth":12,"enabled":true,"results":{},"editorSetting":{"language":"md","editOnDblClick":false},"editorMode":"ace/mode/markdown","editorHide":true},"settings":{"params":{},"forms":{}},"results":{"code":"SUCCESS","msg":[{"type":"HTML","data":"<h5></h5>\n<p>For more information, check the Oracle ADW Documentation <a href=\"https://docs.oracle.com/en/cloud/paas/autonomous-data-warehouse-cloud/index.html\">https://docs.oracle.com/en/cloud/paas/autonomous-data-warehouse-cloud/index.html</a>\n<br  />Oracle Machine Learning folder on Oracle on Github <a href=\"https://github.com/oracle/oracle-db-examples/tree/master/machine-learning\">https://github.com/oracle/oracle-db-examples/tree/master/machine-learning</a>\n<br  />Oracle Machine Learning web page: <a href=\"https://www.oracle.com/database/technologies/datawarehouse-bigdata/machine-learning.html\">https://www.oracle.com/database/technologies/datawarehouse-bigdata/machine-learning.html</a>\n<br  />Introducing Oracle Machine Learning blog post: <a href=\"https://blogs.oracle.com/datamining/introducing-oracle-machine-learning-sql-notebooks-for-the-oracle-autonomous-data-warehouse-cloud\">https://blogs.oracle.com/datamining/introducing-oracle-machine-learning-sql-notebooks-for-the-oracle-autonomous-data-warehouse-cloud</a></p>\n"}]},"jobName":"paragraph_1565708319500_1577671283","id":"20190813-145839_1278461351","dateCreated":"2019-08-05T18:18:24+0000","dateStarted":"2019-08-12T06:32:09+0000","dateFinished":"2019-08-12T06:32:09+0000","status":"FINISHED","progressUpdateIntervalMs":500,"commited":true,"$$hashKey":"object:146"},{"title":"Drop previous models, model settings and create a new forecast model to predict AMOUNT_SOLD","text":"%script\n\n-- Cleanup old settings table\nBEGIN EXECUTE IMMEDIATE 'DROP TABLE esm_sh_settings';\nEXCEPTION WHEN OTHERS THEN NULL; END;\n/\n\n-- Cleanup old model with the same name\nBEGIN DBMS_DATA_MINING.DROP_MODEL('ESM_SH_SAMPLE');\nEXCEPTION WHEN OTHERS THEN NULL; END;\n/\n\n-- Create input time series\nCREATE OR REPLACE VIEW ESM_SH_DATA \n       AS SELECT TIME_ID, AMOUNT_SOLD \n       FROM SH.SALES;\n\nCREATE TABLE ESM_SH_SETTINGS(SETTING_NAME VARCHAR2(30), \n                             SETTING_VALUE VARCHAR2(128));\nBEGIN\n  -- Select ESM as the algorithm\n  INSERT INTO ESM_SH_SETTINGS \n         VALUES(DBMS_DATA_MINING.ALGO_NAME,\n                DBMS_DATA_MINING.ALGO_EXPONENTIAL_SMOOTHING);\n  -- Set accumulation interval to be quarter\n   INSERT INTO ESM_SH_SETTINGS \n         VALUES(DBMS_DATA_MINING.EXSM_INTERVAL,\n                DBMS_DATA_MINING.EXSM_INTERVAL_QTR);\n  -- Set prediction step to be 4 quarters (one year)\n  INSERT INTO ESM_SH_SETTINGS \n         VALUES(DBMS_DATA_MINING.EXSM_PREDICTION_STEP,'4');\n  -- Set ESM model to be Holt-Winters\n  INSERT INTO ESM_SH_SETTINGS \n         VALUES(DBMS_DATA_MINING.EXSM_MODEL,\n                DBMS_DATA_MINING.EXSM_HW);\n  -- Set seasonal cycle to be 4 quarters\n  INSERT INTO ESM_SH_SETTINGS \n         VALUES(DBMS_DATA_MINING.EXSM_SEASONALITY,'4');\nEND;\n/\n\n-- Build the Exponential Smotthing (ESM) model\nBEGIN\n  DBMS_DATA_MINING.CREATE_MODEL(MODEL_NAME => 'ESM_SH_SAMPLE',\n               MINING_FUNCTION     => 'TIME_SERIES',\n               DATA_TABLE_NAME     => 'ESM_SH_DATA',\n               CASE_ID_COLUMN_NAME => 'TIME_ID',\n               TARGET_COLUMN_NAME  => 'AMOUNT_SOLD',\n               SETTINGS_TABLE_NAME => 'ESM_SH_SETTINGS');\nEND;\n/","user":"CHARLIE","dateUpdated":"2019-08-12T20:14:28+0000","config":{"colWidth":12,"enabled":true,"results":{},"editorSetting":{"language":"plsql","editOnDblClick":false},"editorMode":"ace/mode/plsql","editorHide":false,"title":true},"settings":{"params":{},"forms":{}},"results":{"code":"SUCCESS","msg":[{"type":"TEXT","data":"\nPL/SQL procedure successfully completed.\n\n\n---------------------------\n\nPL/SQL procedure successfully completed.\n\n\n---------------------------\n\nView ESM_SH_DATA created.\n\n\n---------------------------\n\nTable ESM_SH_SETTINGS created.\n\n\n---------------------------\n\nPL/SQL procedure successfully completed.\n\n\n---------------------------\n\nPL/SQL procedure successfully completed.\n\n\n---------------------------\n"}]},"jobName":"paragraph_1565708319500_-2039670442","id":"20190813-145839_189848967","dateCreated":"2019-01-14T22:01:20+0000","dateStarted":"2019-08-12T20:14:28+0000","dateFinished":"2019-08-12T20:14:31+0000","status":"FINISHED","progressUpdateIntervalMs":500,"commited":true,"$$hashKey":"object:147"},{"title":"Review the settings of the forecast model","text":"%sql\n\n-- output setting table\nSELECT SETTING_NAME, SETTING_VALUE\n  FROM USER_MINING_MODEL_SETTINGS\n  WHERE MODEL_NAME = UPPER('ESM_SH_SAMPLE')\n  ORDER BY SETTING_NAME;\n","user":"CHARLIE","dateUpdated":"2019-08-12T20:15:25+0000","config":{"colWidth":12,"enabled":true,"results":{},"editorSetting":{"language":"sql","editOnDblClick":false},"editorMode":"ace/mode/osql","editorHide":false,"title":true},"settings":{"params":{},"forms":{}},"results":{"code":"SUCCESS","msg":[{"type":"TABLE","data":"SETTING_NAME\tSETTING_VALUE\nALGO_NAME\tALGO_EXPONENTIAL_SMOOTHING\nEXSM_ACCUMULATE\tEXSM_ACCU_TOTAL\nEXSM_CONFIDENCE_LEVEL\t.95\nEXSM_INTERVAL\tEXSM_INTERVAL_QTR\nEXSM_MODEL\tEXSM_WINTERS\nEXSM_NMSE\t3\nEXSM_OPTIMIZATION_CRIT\tEXSM_OPT_CRIT_LIK\nEXSM_PREDICTION_STEP\t4\nEXSM_SEASONALITY\t4\nEXSM_SETMISSING\tEXSM_MISS_AUTO\nODMS_DETAILS\tODMS_ENABLE\nODMS_MISSING_VALUE_TREATMENT\tODMS_MISSING_VALUE_AUTO\nODMS_SAMPLING\tODMS_SAMPLING_DISABLE\nPREP_AUTO\tON\n"}]},"jobName":"paragraph_1565708319500_-1379497102","id":"20190813-145839_1584556136","dateCreated":"2019-08-08T01:17:09+0000","dateStarted":"2019-08-12T20:15:25+0000","dateFinished":"2019-08-12T20:15:25+0000","status":"FINISHED","progressUpdateIntervalMs":500,"commited":true,"$$hashKey":"object:148"},{"title":"Review the model signature of forecast model","text":"%sql\n\n-- get signature\nSELECT ATTRIBUTE_NAME, ATTRIBUTE_TYPE\n  FROM  USER_MINING_MODEL_ATTRIBUTES\n  WHERE MODEL_NAME=UPPER('ESM_SH_SAMPLE')\n  ORDER BY attribute_name;\n","user":"CHARLIE","dateUpdated":"2019-08-12T20:16:02+0000","config":{"colWidth":12,"enabled":true,"results":{"0":{"graph":{"mode":"table","height":114,"optionOpen":false}}},"editorSetting":{"language":"sql","editOnDblClick":false},"editorMode":"ace/mode/osql","editorHide":false,"title":true},"settings":{"params":{},"forms":{}},"results":{"code":"SUCCESS","msg":[{"type":"TABLE","data":"ATTRIBUTE_NAME\tATTRIBUTE_TYPE\nAMOUNT_SOLD\tUNDEFINED\n"}]},"jobName":"paragraph_1565708319500_108169635","id":"20190813-145839_1514700890","dateCreated":"2019-08-08T01:18:51+0000","dateStarted":"2019-08-12T20:16:02+0000","dateFinished":"2019-08-12T20:16:02+0000","status":"FINISHED","progressUpdateIntervalMs":500,"commited":true,"$$hashKey":"object:149"},{"title":"Review the diagnostics and model quality for the forecast model","text":"%sql\n\n-- get global diagnostics\nSELECT NAME, \n       NUMERIC_VALUE, \n       STRING_VALUE \n  FROM DM$VGESM_SH_SAMPLE\n  ORDER BY NAME;","user":"CHARLIE","dateUpdated":"2019-08-12T20:16:20+0000","config":{"colWidth":12,"enabled":true,"results":{},"editorSetting":{"language":"sql","editOnDblClick":false},"editorMode":"ace/mode/osql","editorHide":false,"title":true},"settings":{"params":{},"forms":{}},"results":{"code":"SUCCESS","msg":[{"type":"TABLE","data":"NAME\tNUMERIC_VALUE\tSTRING_VALUE\n-2 LOG-LIKELIHOOD\t450.75082260676646\t\nAIC\t466.75082260676646\t\nAICC\t487.32225117819502\t\nALPHA\t0.45249063304925041\t\nAMSE\t157764777937.81262\t\nBETA\t0.41947868959550549\t\nBIC\t472.93153238468471\t\nCONVERGED\t\tYES\nGAMMA\t0.00010004961233846141\t\nINITIAL LEVEL\t6110212.8741546907\t\nINITIAL SEASON 1\t0.99385386412510779\t\nINITIAL SEASON 2\t1.0230675896437988\t\nINITIAL SEASON 3\t0.93658176211270328\t\nINITIAL SEASON 4\t1.0464967841183901\t\nINITIAL TREND\t55478.079432879997\t\nMAE\t0.042403412083169459\t\nMSE\t104400146582.19525\t\nNUM_ROWS\t918843\t\nSIGMA\t0.054038877629015186\t\nSTD\t323110.11525824328\t\n"}]},"jobName":"paragraph_1565708319500_11076758","id":"20190813-145839_134506569","dateCreated":"2019-08-08T01:19:13+0000","dateStarted":"2019-08-12T20:16:20+0000","dateFinished":"2019-08-12T20:16:21+0000","status":"FINISHED","progressUpdateIntervalMs":500,"commited":true,"$$hashKey":"object:150"},{"title":"Show forcasted AMOUNT_SOLD values","text":"%sql\n-- To help showing the predictions, use DESC in the ORDER BY statement so that the last points are shown first\n-- The predictions of 4 values into the Future of AMOUNT_SOLD has the PREDICTION \n--   with intervals of confidence LOWER and UPPER, and does not have the actual VALUE \n--   (since it would not have happened yet)\n\nSelect TO_CHAR(CASE_ID,'YYYY-MON') DATE_ID, VALUE ACTUAL_AMOUNT_SOLD, round(PREDICTION,2) FORECAST_AMOUNT_SOLD, round(LOWER,2) LOWER_BOUNDS, round(UPPER,2) UPPER_BOUNDS\n  FROM DM$VPESM_SH_SAMPLE\n  ORDER BY CASE_ID DESC;","user":"CHARLIE","dateUpdated":"2019-08-12T20:22:07+0000","config":{"colWidth":12,"enabled":true,"results":{},"editorSetting":{"language":"sql","editOnDblClick":false},"editorMode":"ace/mode/osql","title":true},"settings":{"params":{},"forms":{}},"results":{"code":"SUCCESS","msg":[{"type":"TABLE","data":"DATE_ID\tACTUAL_AMOUNT_SOLD\tFORECAST_AMOUNT_SOLD\tLOWER_BOUNDS\tUPPER_BOUNDS\n2002-OCT\t\t8692842.46\t6523676.33\t10862008.6\n2002-JUL\t\t8648402.54\t7019914.28\t10276890.81\n2002-APR\t\t7642694.94\t6584565.24\t8700824.63\n2002-JAN\t\t8232820.51\t7360847.49\t9104793.54\n2001-OCT\t7470897.5199997798\t7573926.96\t\t\n2001-JUL\t7195998.6300003789\t7663836.77\t\t\n2001-APR\t6922468.3900004178\t6188944.05\t\t\n2001-JAN\t6547097.4400001625\t6837567.17\t\t\n2000-OCT\t6287646.9199997969\t6089446.4\t\t\n2000-JUL\t6121239.2899996703\t5955258.74\t\t\n2000-APR\t5371730.9200002486\t5236126.1\t\t\n2000-JAN\t5984889.4899995513\t5541123.24\t\t\n1999-OCT\t5373678.6700002998\t5304626.05\t\t\n1999-JUL\t5827050.1500000218\t5350240.25\t\t\n1999-APR\t4925471.6299999086\t5385954.08\t\t\n1999-JAN\t6093747.209999715\t6132016.41\t\t\n1998-OCT\t5937413.7100012964\t5869219.42\t\t\n1998-JUL\t6071823.1000010688\t6214546.31\t\t\n1998-APR\t5593994.1400007578\t5848724.79\t\t\n1998-JAN\t6480684.0000011446\t6452375.75\t\t\n"}]},"jobName":"paragraph_1565708319500_-1355611173","id":"20190813-145839_95760427","dateCreated":"2019-01-17T18:35:00+0000","dateStarted":"2019-08-12T20:22:07+0000","dateFinished":"2019-08-12T20:22:07+0000","status":"FINISHED","progressUpdateIntervalMs":500,"commited":true,"$$hashKey":"object:151"},{"title":"Create line chart of forecasted AMOUNT_SOLD values with upper and lower confidence intervals ","text":"%sql\n\n-- Hint:  Click on line chart and in setting drag DATE_ID to Keys and FORECASTED_AMOUNT_SOLD (ave), ACTUAL_AMOUNT_SOLD(ave), LOWER_BOUNDS(ave) and UPPER_BOUNDS(ave) to Values.\n\nSelect TO_CHAR(CASE_ID,'YYYY-MON') DATE_ID, VALUE ACTUAL_AMOUNT_SOLD, round(PREDICTION,2) FORECAST_AMOUNT_SOLD, round(LOWER,2) LOWER_BOUNDS, round(UPPER,2) UPPER_BOUNDS\n  FROM DM$VPESM_SH_SAMPLE\n  ORDER BY CASE_ID;","user":"CHARLIE","dateUpdated":"2019-08-12T20:30:25+0000","config":{"colWidth":12,"enabled":true,"results":{"0":{"graph":{"mode":"lineChart","height":300,"optionOpen":false,"setting":{"lineChart":{}},"commonSetting":{},"keys":[{"name":"DATE_ID","index":0,"aggr":"sum"}],"groups":[],"values":[{"name":"FORECAST_AMOUNT_SOLD","index":2,"aggr":"avg"},{"name":"ACTUAL_AMOUNT_SOLD","index":1,"aggr":"avg"},{"name":"LOWER_BOUNDS","index":3,"aggr":"avg"},{"name":"UPPER_BOUNDS","index":4,"aggr":"avg"}]},"helium":{}}},"editorSetting":{"language":"sql","editOnDblClick":false},"editorMode":"ace/mode/osql","title":true,"editorHide":false},"settings":{"params":{},"forms":{}},"results":{"code":"SUCCESS","msg":[{"type":"TABLE","data":"DATE_ID\tACTUAL_AMOUNT_SOLD\tFORECAST_AMOUNT_SOLD\tLOWER_BOUNDS\tUPPER_BOUNDS\n1998-JAN\t6480684.0000011446\t6452375.75\t\t\n1998-APR\t5593994.1400007578\t5848724.79\t\t\n1998-JUL\t6071823.1000010688\t6214546.31\t\t\n1998-OCT\t5937413.7100012964\t5869219.42\t\t\n1999-JAN\t6093747.209999715\t6132016.41\t\t\n1999-APR\t4925471.6299999086\t5385954.08\t\t\n1999-JUL\t5827050.1500000218\t5350240.25\t\t\n1999-OCT\t5373678.6700002998\t5304626.05\t\t\n2000-JAN\t5984889.4899995513\t5541123.24\t\t\n2000-APR\t5371730.9200002486\t5236126.1\t\t\n2000-JUL\t6121239.2899996703\t5955258.74\t\t\n2000-OCT\t6287646.9199997969\t6089446.4\t\t\n2001-JAN\t6547097.4400001625\t6837567.17\t\t\n2001-APR\t6922468.3900004178\t6188944.05\t\t\n2001-JUL\t7195998.6300003789\t7663836.77\t\t\n2001-OCT\t7470897.5199997798\t7573926.96\t\t\n2002-JAN\t\t8232820.51\t7360847.49\t9104793.54\n2002-APR\t\t7642694.94\t6584565.24\t8700824.63\n2002-JUL\t\t8648402.54\t7019914.28\t10276890.81\n2002-OCT\t\t8692842.46\t6523676.33\t10862008.6\n"}]},"jobName":"paragraph_1565708319500_1264053589","id":"20190813-145839_1212754397","dateCreated":"2019-04-14T23:02:59+0000","dateStarted":"2019-08-12T20:30:25+0000","dateFinished":"2019-08-12T20:30:25+0000","status":"FINISHED","progressUpdateIntervalMs":500,"commited":true,"$$hashKey":"object:152"},{"text":"%sql\n","user":"CHARLIE","dateUpdated":"2019-08-11T16:34:53+0000","config":{"colWidth":12,"enabled":true,"results":{},"editorSetting":{"language":"sql","editOnDblClick":false},"editorMode":"ace/mode/osql"},"settings":{"params":{},"forms":{}},"jobName":"paragraph_1565708319500_1761644364","id":"20190813-145839_1444752094","dateCreated":"2019-04-14T23:01:11+0000","status":"FINISHED","progressUpdateIntervalMs":500,"commited":true,"$$hashKey":"object:153"}],"name":"Time Series Forecasting","id":"212529","angularObjects":{"MDW381939C745:shared_process":[]},"config":{"looknfeel":"default","personalizedMode":"false"},"info":{}}