﻿{"paragraphs":[{"text":"%md\n\n## Association Rules (Market Basket Analysis)\n\n### Notebook to show the use of Associations Rules or also known as \"Market Basket Analysis\".  Association Rules can also be used in other use cases for example in manufacturing when looking for co-occurring items, failures or events.  This  notebook builds assocations models (a priori) using the SH schema data (SH.SALES) and is performed inside the Oracle Autonomous Data Warehouse Cloud (ADWC).\n\n#### By Charlie Berger updated Oct. 18, 2018","user":"CHARLIE","dateUpdated":"2018-10-18T18:06:51+0000","config":{"tableHide":false,"colWidth":9,"editorMode":"ace/mode/markdown","editorHide":true,"graph":{"mode":"table","optionOpen":false,"keys":[],"values":[],"scatter":{},"groups":[],"height":300},"enabled":true,"results":{},"editorSetting":{"language":"md","editOnDblClick":false}},"settings":{"params":{},"forms":{}},"results":{"code":"SUCCESS","msg":[{"type":"HTML","data":"<h2>Association Rules (Market Basket Analysis)</h2>\n<h3>Notebook to show the use of Associations Rules or also known as &ldquo;Market Basket Analysis&rdquo;.  Association Rules can also be used in other use cases for example in manufacturing when looking for co-occurring items, failures or events.  This  notebook builds assocations models (a priori) using the SH schema data (SH.SALES) and is performed inside the Oracle Autonomous Data Warehouse Cloud (ADWC).</h3>\n<h4>By Charlie Berger updated Oct. 18, 2018</h4>\n"}]},"jobName":"paragraph_1539883532324_897512829","id":"20181018-172532_1784812831","dateCreated":"2018-02-04T23:26:46+0000","dateStarted":"2018-10-18T18:06:53+0000","dateFinished":"2018-10-18T18:06:53+0000","status":"FINISHED","progressUpdateIntervalMs":500,"commited":true,"focus":true,"$$hashKey":"object:39304"},{"text":"%md ![tiny arrow](http://www.oracle.com/technetwork/database/options/advanced-analytics/associationrules-4364383.jpg \"tiny arrow\")\n\n","user":"CHARLIE","dateUpdated":"2018-10-18T18:06:53+0000","config":{"colWidth":3,"editorMode":"ace/mode/markdown","editorHide":true,"graph":{"mode":"table","optionOpen":false,"keys":[],"values":[],"scatter":{},"groups":[],"height":300},"enabled":true,"results":{},"editorSetting":{}},"settings":{"params":{},"forms":{}},"results":{"code":"SUCCESS","msg":[{"type":"HTML","data":"<p><img src=\"http://www.oracle.com/technetwork/database/options/advanced-analytics/associationrules-4364383.jpg\" alt=\"tiny arrow\" title=\"tiny arrow\" /></p>\n"}]},"jobName":"paragraph_1539883532324_-1844254851","id":"20181018-172532_704472222","dateCreated":"2018-02-05T22:38:27+0000","dateStarted":"2018-10-18T18:06:55+0000","dateFinished":"2018-10-18T18:06:55+0000","status":"FINISHED","progressUpdateIntervalMs":500,"commited":true,"$$hashKey":"object:39305"},{"text":"%md\n\n##### For more information, check the Oracle ADWC Documentation https://docs.oracle.com/en/cloud/paas/autonomous-data-warehouse-cloud/index.html, Oracle Machine Learning folder on Oracle on Github https://github.com/oracle, Oracle Advanced Analytics http://www.oracle.com/technetwork/database/options/advanced-analytics/overview/index.html and Oracle Machine Learning on Oracle Technology Network and Introducing Oracle Machine Learning blog post https://blogs.oracle.com/datamining/introducing-oracle-machine-learning-sql-notebooks-for-the-oracle-autonomous-data-warehouse-cloud on Oracle Machine Learning blog.  ","user":"CHARLIE","dateUpdated":"2018-10-18T18:06:55+0000","config":{"colWidth":12,"editorMode":"ace/mode/markdown","editorHide":true,"graph":{"mode":"table","optionOpen":false,"keys":[],"values":[],"scatter":{},"groups":[],"height":300},"enabled":true,"results":{},"editorSetting":{}},"settings":{"params":{},"forms":{}},"results":{"code":"SUCCESS","msg":[{"type":"HTML","data":"<h5>For more information, check the Oracle ADWC Documentation https://docs.oracle.com/en/cloud/paas/autonomous-data-warehouse-cloud/index.html, Oracle Machine Learning folder on Oracle on Github https://github.com/oracle, Oracle Advanced Analytics http://www.oracle.com/technetwork/database/options/advanced-analytics/overview/index.html and Oracle Machine Learning on Oracle Technology Network and Introducing Oracle Machine Learning blog post https://blogs.oracle.com/datamining/introducing-oracle-machine-learning-sql-notebooks-for-the-oracle-autonomous-data-warehouse-cloud on Oracle Machine Learning blog.</h5>\n"}]},"jobName":"paragraph_1539883532324_421362632","id":"20181018-172532_232369153","dateCreated":"2018-02-04T23:28:40+0000","dateStarted":"2018-10-18T18:06:56+0000","dateFinished":"2018-10-18T18:06:56+0000","status":"FINISHED","progressUpdateIntervalMs":500,"commited":true,"$$hashKey":"object:39306"},{"title":"Display the SH.SALES data","text":"%sql\nSelect * from SH.SALES;","user":"CHARLIE","dateUpdated":"2018-10-18T18:08:45+0000","config":{"colWidth":12,"editorMode":"ace/mode/osql","title":true,"graph":{"mode":"table","optionOpen":false,"keys":[],"values":[],"scatter":{},"groups":[],"height":300},"enabled":true,"results":{},"editorSetting":{"language":"sql","editOnDblClick":false}},"settings":{"params":{},"forms":{}},"results":{"code":"SUCCESS","msg":[{"type":"TABLE","data":"PROD_ID\tCUST_ID\tTIME_ID\tCHANNEL_ID\tPROMO_ID\tQUANTITY_SOLD\tAMOUNT_SOLD\n13\t524\t1998-01-20 00:00:00.0\t2\t999\t1\t1205.99\n13\t2128\t1998-04-05 00:00:00.0\t2\t999\t1\t1250.25\n13\t3212\t1998-04-05 00:00:00.0\t2\t999\t1\t1250.25\n13\t3375\t1998-04-05 00:00:00.0\t2\t999\t1\t1250.25\n13\t5204\t1998-04-05 00:00:00.0\t2\t999\t1\t1250.25\n13\t7082\t1998-04-05 00:00:00.0\t2\t999\t1\t1250.25\n13\t9316\t1998-04-05 00:00:00.0\t2\t999\t1\t1250.25\n13\t12782\t1998-04-05 00:00:00.0\t2\t999\t1\t1250.25\n13\t13869\t1998-04-05 00:00:00.0\t2\t999\t1\t1250.25\n13\t1949\t1998-07-05 00:00:00.0\t2\t999\t1\t1210.21\n13\t2079\t1998-07-05 00:00:00.0\t2\t999\t1\t1210.21\n13\t3960\t1998-07-05 00:00:00.0\t2\t999\t1\t1210.21\n13\t7873\t1998-07-05 00:00:00.0\t2\t999\t1\t1210.21\n13\t8686\t1998-07-05 00:00:00.0\t2\t999\t1\t1210.21\n13\t8935\t1998-07-05 00:00:00.0\t2\t999\t1\t1210.21\n13\t9038\t1998-07-05 00:00:00.0\t2\t999\t1\t1210.21\n13\t12783\t1998-07-05 00:00:00.0\t2\t999\t1\t1210.21\n13\t1258\t1998-07-20 00:00:00.0\t2\t999\t1\t1210.21\n13\t1743\t1998-07-20 00:00:00.0\t2\t999\t1\t1210.21\n13\t7301\t1998-07-20 00:00:00.0\t2\t999\t1\t1210.21\n13\t10747\t1998-07-20 00:00:00.0\t2\t999\t1\t1210.21\n13\t11407\t1998-07-20 00:00:00.0\t2\t999\t1\t1210.21\n13\t20973\t1998-07-20 00:00:00.0\t2\t999\t1\t1210.21\n13\t25244\t1998-07-20 00:00:00.0\t2\t999\t1\t1210.21\n13\t1945\t1998-07-30 00:00:00.0\t2\t999\t1\t1210.21\n13\t3819\t1998-07-30 00:00:00.0\t2\t999\t1\t1210.21\n13\t7994\t1998-07-30 00:00:00.0\t2\t999\t1\t1210.21\n13\t12096\t1998-07-30 00:00:00.0\t2\t999\t1\t1210.21\n13\t12136\t1998-07-30 00:00:00.0\t2\t999\t1\t1210.21\n13\t25938\t1998-07-30 00:00:00.0\t2\t999\t1\t1210.21\n13\t42167\t1998-07-30 00:00:00.0\t2\t999\t1\t1210.21\n13\t429\t1998-08-05 00:00:00.0\t2\t350\t1\t1222.87\n13\t1949\t1998-08-05 00:00:00.0\t2\t350\t1\t1222.87\n13\t2079\t1998-08-05 00:00:00.0\t2\t350\t1\t1222.87\n13\t2994\t1998-08-05 00:00:00.0\t2\t350\t1\t1222.87\n13\t3215\t1998-08-05 00:00:00.0\t2\t350\t1\t1222.87\n13\t3960\t1998-08-05 00:00:00.0\t2\t350\t1\t1222.87\n13\t4759\t1998-08-05 00:00:00.0\t2\t350\t1\t1222.87\n13\t6279\t1998-08-05 00:00:00.0\t2\t350\t1\t1222.87\n13\t6913\t1998-08-05 00:00:00.0\t2\t350\t1\t1222.87\n13\t7086\t1998-08-05 00:00:00.0\t2\t350\t1\t1222.87\n13\t7873\t1998-08-05 00:00:00.0\t2\t350\t1\t1222.87\n13\t7902\t1998-08-05 00:00:00.0\t2\t350\t1\t1222.87\n13\t8236\t1998-08-05 00:00:00.0\t2\t350\t1\t1222.87\n13\t8686\t1998-08-05 00:00:00.0\t2\t350\t1\t1222.87\n13\t8935\t1998-08-05 00:00:00.0\t2\t350\t1\t1222.87\n13\t9317\t1998-08-05 00:00:00.0\t2\t350\t1\t1222.87\n13\t15826\t1998-08-05 00:00:00.0\t2\t350\t1\t1222.87\n13\t26631\t1998-08-05 00:00:00.0\t2\t350\t1\t1222.87\n13\t2683\t1998-08-10 00:00:00.0\t2\t350\t1\t1222.87\n13\t5203\t1998-08-10 00:00:00.0\t2\t350\t1\t1222.87\n13\t6859\t1998-08-10 00:00:00.0\t2\t350\t1\t1222.87\n13\t7082\t1998-08-10 00:00:00.0\t2\t350\t1\t1222.87\n13\t7872\t1998-08-10 00:00:00.0\t2\t350\t1\t1222.87\n13\t12099\t1998-08-10 00:00:00.0\t2\t350\t1\t1222.87\n13\t1258\t1998-08-20 00:00:00.0\t2\t350\t1\t1210.21\n13\t1743\t1998-08-20 00:00:00.0\t2\t350\t1\t1210.21\n13\t4410\t1998-08-20 00:00:00.0\t2\t350\t1\t1210.21\n13\t4974\t1998-08-20 00:00:00.0\t2\t350\t1\t1210.21\n13\t5701\t1998-08-20 00:00:00.0\t2\t350\t1\t1210.21\n13\t10747\t1998-08-20 00:00:00.0\t2\t350\t1\t1210.21\n13\t11407\t1998-08-20 00:00:00.0\t2\t350\t1\t1210.21\n13\t13232\t1998-08-20 00:00:00.0\t2\t350\t1\t1210.21\n13\t2994\t1998-10-05 00:00:00.0\t2\t999\t1\t1210.81\n13\t4759\t1998-10-05 00:00:00.0\t2\t999\t1\t1210.81\n13\t4942\t1998-10-05 00:00:00.0\t2\t999\t1\t1210.81\n13\t6279\t1998-10-05 00:00:00.0\t2\t999\t1\t1210.81\n13\t6913\t1998-10-05 00:00:00.0\t2\t999\t1\t1210.81\n13\t7873\t1998-10-05 00:00:00.0\t2\t999\t1\t1210.81\n13\t7902\t1998-10-05 00:00:00.0\t2\t999\t1\t1210.81\n13\t8935\t1998-10-05 00:00:00.0\t2\t999\t1\t1210.81\n13\t9038\t1998-10-05 00:00:00.0\t2\t999\t1\t1210.81\n13\t9317\t1998-10-05 00:00:00.0\t2\t999\t1\t1210.81\n13\t164\t1998-10-20 00:00:00.0\t2\t999\t1\t1205.99\n13\t462\t1998-10-20 00:00:00.0\t2\t999\t1\t1205.99\n13\t1258\t1998-10-20 00:00:00.0\t2\t999\t1\t1205.99\n13\t2761\t1998-10-20 00:00:00.0\t2\t999\t1\t1205.99\n13\t4974\t1998-10-20 00:00:00.0\t2\t999\t1\t1205.99\n13\t7301\t1998-10-20 00:00:00.0\t2\t999\t1\t1205.99\n13\t8937\t1998-10-20 00:00:00.0\t2\t999\t1\t1205.99\n13\t10747\t1998-10-20 00:00:00.0\t2\t999\t1\t1205.99\n13\t11407\t1998-10-20 00:00:00.0\t2\t999\t1\t1205.99\n13\t25251\t1998-10-20 00:00:00.0\t2\t999\t1\t1205.99\n13\t1297\t1998-12-05 00:00:00.0\t2\t999\t1\t1205.99\n13\t3960\t1998-12-05 00:00:00.0\t2\t999\t1\t1205.99\n13\t7086\t1998-12-05 00:00:00.0\t2\t999\t1\t1205.99\n13\t7873\t1998-12-05 00:00:00.0\t2\t999\t1\t1205.99\n13\t8686\t1998-12-05 00:00:00.0\t2\t999\t1\t1205.99\n13\t2993\t1998-12-10 00:00:00.0\t2\t999\t1\t1210.81\n13\t3557\t1998-12-10 00:00:00.0\t2\t999\t1\t1210.81\n13\t5204\t1998-12-10 00:00:00.0\t2\t999\t1\t1210.81\n13\t6517\t1998-12-10 00:00:00.0\t2\t999\t1\t1210.81\n13\t12782\t1998-12-10 00:00:00.0\t2\t999\t1\t1210.81\n13\t26630\t1998-12-10 00:00:00.0\t2\t999\t1\t1210.81\n13\t462\t1998-12-20 00:00:00.0\t2\t999\t1\t1222.87\n13\t1743\t1998-12-20 00:00:00.0\t2\t999\t1\t1222.87\n13\t3984\t1998-12-20 00:00:00.0\t2\t999\t1\t1222.87\n13\t4410\t1998-12-20 00:00:00.0\t2\t999\t1\t1222.87\n13\t4974\t1998-12-20 00:00:00.0\t2\t999\t1\t1222.87\n13\t5574\t1998-12-20 00:00:00.0\t2\t999\t1\t1222.87\n13\t13232\t1998-12-20 00:00:00.0\t2\t999\t1\t1222.87\n13\t20973\t1998-12-20 00:00:00.0\t2\t999\t1\t1222.87\n13\t3453\t1998-12-30 00:00:00.0\t2\t999\t1\t1222.87\n13\t7178\t1998-12-30 00:00:00.0\t2\t999\t1\t1222.87\n13\t3453\t1998-12-31 00:00:00.0\t2\t999\t1\t1222.87\n13\t7178\t1998-12-31 00:00:00.0\t2\t999\t1\t1222.87\n13\t9316\t1999-01-10 00:00:00.0\t2\t999\t1\t1222.87\n13\t27\t1999-01-20 00:00:00.0\t2\t999\t1\t925.1\n13\t649\t1999-01-20 00:00:00.0\t2\t999\t1\t925.1\n13\t892\t1999-01-20 00:00:00.0\t2\t999\t1\t925.1\n13\t1911\t1999-01-20 00:00:00.0\t2\t999\t1\t925.1\n13\t2470\t1999-01-20 00:00:00.0\t2\t999\t1\t925.1\n13\t4093\t1999-01-20 00:00:00.0\t2\t999\t1\t925.1\n13\t6708\t1999-01-20 00:00:00.0\t2\t999\t1\t925.1\n13\t12586\t1999-01-20 00:00:00.0\t2\t999\t1\t925.1\n13\t30787\t1999-01-20 00:00:00.0\t2\t999\t1\t925.1\n13\t1923\t1999-01-23 00:00:00.0\t2\t999\t1\t925.1\n13\t11123\t1999-01-23 00:00:00.0\t2\t999\t1\t925.1\n13\t1468\t1999-01-30 00:00:00.0\t2\t999\t1\t925.1\n13\t1825\t1999-01-30 00:00:00.0\t2\t999\t1\t925.1\n13\t2163\t1999-01-30 00:00:00.0\t2\t999\t1\t925.1\n13\t2443\t1999-01-30 00:00:00.0\t2\t999\t1\t925.1\n13\t3974\t1999-01-30 00:00:00.0\t2\t999\t1\t925.1\n13\t3995\t1999-01-30 00:00:00.0\t2\t999\t1\t925.1\n13\t4895\t1999-01-30 00:00:00.0\t2\t999\t1\t925.1\n13\t6265\t1999-01-30 00:00:00.0\t2\t999\t1\t925.1\n13\t6374\t1999-01-30 00:00:00.0\t2\t999\t1\t925.1\n13\t8385\t1999-01-30 00:00:00.0\t2\t999\t1\t925.1\n13\t8638\t1999-01-30 00:00:00.0\t2\t999\t1\t925.1\n13\t9558\t1999-01-30 00:00:00.0\t2\t999\t1\t925.1\n13\t2819\t1999-02-05 00:00:00.0\t2\t999\t1\t1222.87\n13\t4759\t1999-02-05 00:00:00.0\t2\t999\t1\t1222.87\n13\t2761\t1999-02-20 00:00:00.0\t2\t999\t1\t1222.87\n13\t3087\t1999-02-20 00:00:00.0\t2\t999\t1\t1222.87\n13\t5701\t1999-02-20 00:00:00.0\t2\t999\t1\t1222.87\n13\t10584\t1999-02-20 00:00:00.0\t2\t999\t1\t1222.87\n13\t11407\t1999-02-20 00:00:00.0\t2\t999\t1\t1222.87\n13\t13187\t1999-02-20 00:00:00.0\t2\t999\t1\t1222.87\n13\t25251\t1999-02-20 00:00:00.0\t2\t999\t1\t1222.87\n13\t468\t1999-02-21 00:00:00.0\t2\t999\t1\t914.34\n13\t781\t1999-02-21 00:00:00.0\t2\t999\t1\t914.34\n13\t2156\t1999-02-21 00:00:00.0\t2\t999\t1\t914.34\n13\t2656\t1999-02-21 00:00:00.0\t2\t999\t1\t914.34\n13\t5489\t1999-02-21 00:00:00.0\t2\t999\t1\t914.34\n13\t5870\t1999-02-21 00:00:00.0\t2\t999\t1\t914.34\n13\t8356\t1999-02-21 00:00:00.0\t2\t999\t1\t914.34\n13\t8406\t1999-02-21 00:00:00.0\t2\t999\t1\t914.34\n13\t13877\t1999-02-21 00:00:00.0\t2\t999\t1\t914.34\n13\t29395\t1999-02-21 00:00:00.0\t2\t999\t1\t914.34\n13\t5747\t1999-02-23 00:00:00.0\t2\t999\t1\t925.1\n13\t7347\t1999-02-23 00:00:00.0\t2\t999\t1\t925.1\n13\t466\t1999-02-25 00:00:00.0\t2\t999\t1\t914.34\n13\t524\t1999-02-25 00:00:00.0\t2\t999\t1\t914.34\n13\t1680\t1999-02-25 00:00:00.0\t2\t999\t1\t914.34\n13\t2156\t1999-02-25 00:00:00.0\t2\t999\t1\t914.34\n13\t3686\t1999-02-25 00:00:00.0\t2\t999\t1\t914.34\n13\t6968\t1999-02-25 00:00:00.0\t2\t999\t1\t914.34\n13\t7711\t1999-02-25 00:00:00.0\t2\t999\t1\t914.34\n13\t9032\t1999-02-25 00:00:00.0\t2\t999\t1\t914.34\n13\t9628\t1999-02-25 00:00:00.0\t2\t999\t1\t914.34\n13\t26638\t1999-02-25 00:00:00.0\t2\t999\t1\t914.34\n13\t892\t1999-05-20 00:00:00.0\t2\t999\t1\t914.34\n13\t2634\t1999-05-20 00:00:00.0\t2\t999\t1\t914.34\n13\t2757\t1999-05-20 00:00:00.0\t2\t999\t1\t914.34\n13\t2910\t1999-05-20 00:00:00.0\t2\t999\t1\t914.34\n13\t4786\t1999-05-20 00:00:00.0\t2\t999\t1\t914.34\n13\t4850\t1999-05-20 00:00:00.0\t2\t999\t1\t914.34\n13\t6708\t1999-05-20 00:00:00.0\t2\t999\t1\t914.34\n13\t11814\t1999-05-20 00:00:00.0\t2\t999\t1\t914.34\n13\t12586\t1999-05-20 00:00:00.0\t2\t999\t1\t914.34\n13\t17506\t1999-05-20 00:00:00.0\t2\t999\t1\t914.34\n13\t229\t1999-07-30 00:00:00.0\t2\t999\t1\t914.34\n13\t1929\t1999-07-30 00:00:00.0\t2\t999\t1\t914.34\n13\t2356\t1999-07-30 00:00:00.0\t2\t999\t1\t914.34\n13\t3162\t1999-07-30 00:00:00.0\t2\t999\t1\t914.34\n13\t3626\t1999-07-30 00:00:00.0\t2\t999\t1\t914.34\n13\t5173\t1999-07-30 00:00:00.0\t2\t999\t1\t914.34\n13\t5348\t1999-07-30 00:00:00.0\t2\t999\t1\t914.34\n13\t6241\t1999-07-30 00:00:00.0\t2\t999\t1\t914.34\n13\t6510\t1999-07-30 00:00:00.0\t2\t999\t1\t914.34\n13\t7144\t1999-07-30 00:00:00.0\t2\t999\t1\t914.34\n13\t7797\t1999-07-30 00:00:00.0\t2\t999\t1\t914.34\n13\t7880\t1999-07-30 00:00:00.0\t2\t999\t1\t914.34\n13\t9084\t1999-07-30 00:00:00.0\t2\t999\t1\t914.34\n13\t10445\t1999-07-30 00:00:00.0\t2\t999\t1\t914.34\n13\t19017\t1999-07-30 00:00:00.0\t2\t999\t1\t914.34\n13\t1747\t1999-08-10 00:00:00.0\t2\t999\t1\t914.34\n13\t1908\t1999-08-10 00:00:00.0\t2\t999\t1\t914.34\n13\t2285\t1999-08-10 00:00:00.0\t2\t999\t1\t914.34\n13\t3135\t1999-08-10 00:00:00.0\t2\t999\t1\t914.34\n13\t3148\t1999-08-10 00:00:00.0\t2\t999\t1\t914.34\n13\t3324\t1999-08-10 00:00:00.0\t2\t999\t1\t914.34\n13\t3663\t1999-08-10 00:00:00.0\t2\t999\t1\t914.34\n13\t10735\t1999-08-10 00:00:00.0\t2\t999\t1\t914.34\n13\t11084\t1999-08-10 00:00:00.0\t2\t999\t1\t914.34\n13\t13114\t1999-08-10 00:00:00.0\t2\t999\t1\t914.34\n13\t14962\t1999-08-10 00:00:00.0\t2\t999\t1\t914.34\n13\t23172\t1999-08-10 00:00:00.0\t2\t999\t1\t914.34\n13\t34834\t1999-08-10 00:00:00.0\t2\t999\t1\t914.34\n13\t1909\t1999-10-10 00:00:00.0\t2\t999\t1\t914.34\n13\t2122\t1999-10-10 00:00:00.0\t2\t999\t1\t914.34\n13\t3326\t1999-10-10 00:00:00.0\t2\t999\t1\t914.34\n13\t3826\t1999-10-10 00:00:00.0\t2\t999\t1\t914.34\n13\t5579\t1999-10-10 00:00:00.0\t2\t999\t1\t914.34\n13\t6228\t1999-10-10 00:00:00.0\t2\t999\t1\t914.34\n13\t10768\t1999-10-10 00:00:00.0\t2\t999\t1\t914.34\n13\t11084\t1999-10-10 00:00:00.0\t2\t999\t1\t914.34\n13\t11574\t1999-10-10 00:00:00.0\t2\t999\t1\t914.34\n13\t12979\t1999-10-10 00:00:00.0\t2\t999\t1\t914.34\n13\t13125\t1999-10-10 00:00:00.0\t2\t999\t1\t914.34\n13\t14962\t1999-10-10 00:00:00.0\t2\t999\t1\t914.34\n13\t19527\t1999-10-10 00:00:00.0\t2\t999\t1\t914.34\n13\t818\t1999-10-20 00:00:00.0\t2\t999\t1\t914.34\n13\t1394\t1999-10-20 00:00:00.0\t2\t999\t1\t914.34\n13\t1698\t1999-10-20 00:00:00.0\t2\t999\t1\t914.34\n13\t2572\t1999-10-20 00:00:00.0\t2\t999\t1\t914.34\n13\t2606\t1999-10-20 00:00:00.0\t2\t999\t1\t914.34\n13\t2793\t1999-10-20 00:00:00.0\t2\t999\t1\t914.34\n13\t5046\t1999-10-20 00:00:00.0\t2\t999\t1\t914.34\n13\t5403\t1999-10-20 00:00:00.0\t2\t999\t1\t914.34\n13\t5478\t1999-10-20 00:00:00.0\t2\t999\t1\t914.34\n13\t6039\t1999-10-20 00:00:00.0\t2\t999\t1\t914.34\n13\t7603\t1999-10-20 00:00:00.0\t2\t999\t1\t914.34\n13\t8090\t1999-10-20 00:00:00.0\t2\t999\t1\t914.34\n13\t8312\t1999-10-20 00:00:00.0\t2\t999\t1\t914.34\n13\t9189\t1999-10-20 00:00:00.0\t2\t999\t1\t914.34\n13\t11815\t1999-10-20 00:00:00.0\t2\t999\t1\t914.34\n13\t20966\t1999-10-20 00:00:00.0\t2\t999\t1\t914.34\n13\t31478\t1999-10-20 00:00:00.0\t2\t999\t1\t914.34\n13\t1736\t1999-12-10 00:00:00.0\t2\t999\t1\t914.34\n13\t3326\t1999-12-10 00:00:00.0\t2\t999\t1\t914.34\n13\t23856\t1999-12-10 00:00:00.0\t2\t999\t1\t914.34\n13\t366\t1999-12-14 00:00:00.0\t2\t999\t1\t914.34\n13\t11073\t1999-12-14 00:00:00.0\t2\t999\t1\t914.34\n13\t12526\t1999-12-14 00:00:00.0\t2\t999\t1\t914.34\n13\t2073\t1999-12-16 00:00:00.0\t2\t999\t1\t914.34\n13\t2606\t1999-12-20 00:00:00.0\t2\t999\t1\t914.34\n13\t8090\t1999-12-20 00:00:00.0\t2\t999\t1\t914.34\n13\t20966\t1999-12-20 00:00:00.0\t2\t999\t1\t914.34\n13\t2606\t1999-12-22 00:00:00.0\t2\t999\t1\t914.34\n13\t8090\t1999-12-22 00:00:00.0\t2\t999\t1\t914.34\n13\t20966\t1999-12-22 00:00:00.0\t2\t999\t1\t914.34\n13\t3670\t1999-12-23 00:00:00.0\t2\t999\t1\t914.34\n13\t5766\t1999-12-30 00:00:00.0\t2\t999\t1\t927.14\n13\t6316\t1999-12-30 00:00:00.0\t2\t999\t1\t927.14\n13\t647\t2000-01-30 00:00:00.0\t2\t999\t1\t1075.12\n13\t1276\t2000-01-30 00:00:00.0\t2\t999\t1\t1075.12\n13\t1848\t2000-01-30 00:00:00.0\t2\t999\t1\t1075.12\n13\t1858\t2000-01-30 00:00:00.0\t2\t999\t1\t1075.12\n13\t2023\t2000-01-30 00:00:00.0\t2\t999\t1\t1075.12\n13\t2854\t2000-01-30 00:00:00.0\t2\t999\t1\t1075.12\n13\t3694\t2000-01-30 00:00:00.0\t2\t999\t1\t1075.12\n13\t3730\t2000-01-30 00:00:00.0\t2\t999\t1\t1075.12\n13\t3997\t2000-01-30 00:00:00.0\t2\t999\t1\t1075.12\n13\t4779\t2000-01-30 00:00:00.0\t2\t999\t1\t1075.12\n13\t4896\t2000-01-30 00:00:00.0\t2\t999\t1\t1075.12\n13\t7655\t2000-01-30 00:00:00.0\t2\t999\t1\t1075.12\n13\t7759\t2000-01-30 00:00:00.0\t2\t999\t1\t1075.12\n13\t8514\t2000-01-30 00:00:00.0\t2\t999\t1\t1075.12\n13\t9320\t2000-01-30 00:00:00.0\t2\t999\t1\t1075.12\n13\t11932\t2000-01-30 00:00:00.0\t2\t999\t1\t1075.12\n13\t12083\t2000-01-30 00:00:00.0\t2\t999\t1\t1075.12\n13\t13680\t2000-01-30 00:00:00.0\t2\t999\t1\t1075.12\n13\t23684\t2000-01-30 00:00:00.0\t2\t999\t1\t1075.12\n13\t3841\t2000-02-03 00:00:00.0\t2\t999\t1\t1067.73\n13\t5374\t2000-02-03 00:00:00.0\t2\t999\t1\t1067.73\n13\t12266\t2000-02-03 00:00:00.0\t2\t999\t1\t1067.73\n13\t23864\t2000-02-03 00:00:00.0\t2\t999\t1\t1067.73\n13\t33761\t2000-02-03 00:00:00.0\t2\t999\t1\t1067.73\n13\t251\t2000-02-10 00:00:00.0\t2\t999\t1\t1052.99\n13\t663\t2000-02-10 00:00:00.0\t2\t999\t1\t1052.99\n13\t846\t2000-02-10 00:00:00.0\t2\t999\t1\t1052.99\n13\t1039\t2000-02-10 00:00:00.0\t2\t999\t1\t1052.99\n13\t1222\t2000-02-10 00:00:00.0\t2\t999\t1\t1052.99\n13\t1307\t2000-02-10 00:00:00.0\t2\t999\t1\t1052.99\n13\t2282\t2000-02-10 00:00:00.0\t2\t999\t1\t1052.99\n13\t2919\t2000-02-10 00:00:00.0\t2\t999\t1\t1052.99\n13\t4268\t2000-02-10 00:00:00.0\t2\t999\t1\t1052.99\n13\t4838\t2000-02-10 00:00:00.0\t2\t999\t1\t1052.99\n13\t6017\t2000-02-10 00:00:00.0\t2\t999\t1\t1052.99\n13\t6751\t2000-02-10 00:00:00.0\t2\t999\t1\t1052.99\n13\t7205\t2000-02-10 00:00:00.0\t2\t999\t1\t1052.99\n13\t7251\t2000-02-10 00:00:00.0\t2\t999\t1\t1052.99\n13\t8014\t2000-02-10 00:00:00.0\t2\t999\t1\t1052.99\n13\t9276\t2000-02-10 00:00:00.0\t2\t999\t1\t1052.99\n13\t10471\t2000-02-10 00:00:00.0\t2\t999\t1\t1052.99\n13\t21098\t2000-02-10 00:00:00.0\t2\t999\t1\t1052.99\n13\t4248\t2000-02-11 00:00:00.0\t2\t999\t1\t1052.99\n13\t5017\t2000-02-11 00:00:00.0\t2\t999\t1\t1052.99\n13\t8137\t2000-02-11 00:00:00.0\t2\t999\t1\t1052.99\n13\t9278\t2000-02-11 00:00:00.0\t2\t999\t1\t1052.99\n13\t1554\t2000-02-15 00:00:00.0\t2\t999\t1\t1052.99\n13\t2169\t2000-02-15 00:00:00.0\t2\t999\t1\t1052.99\n13\t3329\t2000-02-15 00:00:00.0\t2\t999\t1\t1052.99\n13\t1156\t2000-02-18 00:00:00.0\t2\t999\t1\t1067.73\n13\t2517\t2000-02-18 00:00:00.0\t2\t999\t1\t1067.73\n13\t2638\t2000-02-18 00:00:00.0\t2\t999\t1\t1067.73\n13\t3045\t2000-02-18 00:00:00.0\t2\t999\t1\t1067.73\n13\t5925\t2000-02-18 00:00:00.0\t2\t999\t1\t1067.73\n13\t27197\t2000-02-18 00:00:00.0\t2\t999\t1\t1067.73\n13\t36217\t2000-02-18 00:00:00.0\t2\t999\t1\t1067.73\n13\t608\t2000-02-21 00:00:00.0\t2\t999\t1\t1067.73\n13\t676\t2000-02-21 00:00:00.0\t2\t999\t1\t1067.73\n13\t2204\t2000-02-21 00:00:00.0\t2\t999\t1\t1067.73\n13\t2220\t2000-02-21 00:00:00.0\t2\t999\t1\t1067.73\n13\t2366\t2000-02-21 00:00:00.0\t2\t999\t1\t1067.73\n13\t2585\t2000-02-21 00:00:00.0\t2\t999\t1\t1067.73\n13\t3468\t2000-02-21 00:00:00.0\t2\t999\t1\t1067.73\n13\t3858\t2000-02-21 00:00:00.0\t2\t999\t1\t1067.73\n13\t5691\t2000-02-21 00:00:00.0\t2\t999\t1\t1067.73\n13\t6116\t2000-02-21 00:00:00.0\t2\t999\t1\t1067.73\n13\t6172\t2000-02-21 00:00:00.0\t2\t999\t1\t1067.73\n13\t6419\t2000-02-21 00:00:00.0\t2\t999\t1\t1067.73\n13\t6564\t2000-02-21 00:00:00.0\t2\t999\t1\t1067.73\n13\t9631\t2000-02-21 00:00:00.0\t2\t999\t1\t1067.73\n13\t9737\t2000-02-21 00:00:00.0\t2\t999\t1\t1067.73\n13\t11718\t2000-02-21 00:00:00.0\t2\t999\t1\t1067.73\n13\t13253\t2000-02-21 00:00:00.0\t2\t999\t1\t1067.73\n13\t15561\t2000-02-21 00:00:00.0\t2\t999\t1\t1067.73\n13\t30086\t2000-02-21 00:00:00.0\t2\t999\t1\t1067.73\n13\t493\t2000-02-25 00:00:00.0\t2\t999\t1\t1067.73\n13\t525\t2000-02-25 00:00:00.0\t2\t999\t1\t1067.73\n13\t2257\t2000-02-25 00:00:00.0\t2\t999\t1\t1067.73\n13\t2771\t2000-02-25 00:00:00.0\t2\t999\t1\t1067.73\n13\t2963\t2000-02-25 00:00:00.0\t2\t999\t1\t1067.73\n13\t3331\t2000-02-25 00:00:00.0\t2\t999\t1\t1067.73\n13\t3378\t2000-02-25 00:00:00.0\t2\t999\t1\t1067.73\n13\t4379\t2000-02-25 00:00:00.0\t2\t999\t1\t1067.73\n13\t6525\t2000-02-25 00:00:00.0\t2\t999\t1\t1067.73\n13\t6789\t2000-02-25 00:00:00.0\t2\t999\t1\t1067.73\n13\t7661\t2000-02-25 00:00:00.0\t2\t999\t1\t1067.73\n13\t7782\t2000-02-25 00:00:00.0\t2\t999\t1\t1067.73\n13\t8122\t2000-02-25 00:00:00.0\t2\t999\t1\t1067.73\n13\t8298\t2000-02-25 00:00:00.0\t2\t999\t1\t1067.73\n13\t9725\t2000-02-25 00:00:00.0\t2\t999\t1\t1067.73\n13\t10071\t2000-02-25 00:00:00.0\t2\t999\t1\t1067.73\n13\t10274\t2000-02-25 00:00:00.0\t2\t999\t1\t1067.73\n13\t13479\t2000-02-25 00:00:00.0\t2\t999\t1\t1067.73\n13\t27320\t2000-02-25 00:00:00.0\t2\t999\t1\t1067.73\n13\t4237\t2000-03-03 00:00:00.0\t2\t999\t1\t1043.37\n13\t1924\t2000-03-16 00:00:00.0\t2\t999\t1\t1043.37\n13\t897\t2000-03-23 00:00:00.0\t2\t999\t1\t1057.97\n13\t1114\t2000-03-23 00:00:00.0\t2\t999\t1\t1057.97\n13\t1669\t2000-03-23 00:00:00.0\t2\t999\t1\t1057.97\n13\t2436\t2000-03-23 00:00:00.0\t2\t999\t1\t1057.97\n13\t2646\t2000-03-23 00:00:00.0\t2\t999\t1\t1057.97\n13\t9286\t2000-03-23 00:00:00.0\t2\t999\t1\t1057.97\n13\t11665\t2000-03-23 00:00:00.0\t2\t999\t1\t1057.97\n13\t11808\t2000-03-23 00:00:00.0\t2\t999\t1\t1057.97\n13\t16938\t2000-03-23 00:00:00.0\t2\t999\t1\t1057.97\n13\t2809\t2000-03-26 00:00:00.0\t2\t999\t1\t1057.97\n13\t7386\t2000-03-26 00:00:00.0\t2\t999\t1\t1057.97\n13\t7496\t2000-03-26 00:00:00.0\t2\t999\t1\t1057.97\n13\t7794\t2000-03-26 00:00:00.0\t2\t999\t1\t1057.97\n13\t345\t2000-04-02 00:00:00.0\t2\t999\t1\t1037.93\n13\t1729\t2000-04-02 00:00:00.0\t2\t999\t1\t1037.93\n13\t3248\t2000-04-02 00:00:00.0\t2\t999\t1\t1037.93\n13\t3698\t2000-04-02 00:00:00.0\t2\t999\t1\t1037.93\n13\t6801\t2000-04-02 00:00:00.0\t2\t999\t1\t1037.93\n13\t11388\t2000-04-02 00:00:00.0\t2\t999\t1\t1037.93\n13\t33721\t2000-04-02 00:00:00.0\t2\t999\t1\t1037.93\n13\t124\t2000-04-13 00:00:00.0\t2\t999\t1\t1052.46\n13\t914\t2000-04-13 00:00:00.0\t2\t999\t1\t1052.46\n13\t3741\t2000-04-13 00:00:00.0\t2\t999\t1\t1052.46\n13\t5678\t2000-04-13 00:00:00.0\t2\t999\t1\t1052.46\n13\t7896\t2000-04-13 00:00:00.0\t2\t999\t1\t1052.46\n13\t9774\t2000-04-13 00:00:00.0\t2\t999\t1\t1052.46\n13\t10174\t2000-04-13 00:00:00.0\t2\t999\t1\t1052.46\n13\t10574\t2000-04-13 00:00:00.0\t2\t999\t1\t1052.46\n13\t8485\t2000-04-16 00:00:00.0\t2\t999\t1\t1052.46\n13\t9768\t2000-04-16 00:00:00.0\t2\t999\t1\t1052.46\n13\t12006\t2000-04-16 00:00:00.0\t2\t999\t1\t1052.46\n13\t15489\t2000-04-16 00:00:00.0\t2\t999\t1\t1052.46\n13\t17625\t2000-04-16 00:00:00.0\t2\t999\t1\t1052.46\n13\t20904\t2000-04-16 00:00:00.0\t2\t999\t1\t1052.46\n13\t36148\t2000-04-16 00:00:00.0\t2\t999\t1\t1052.46\n13\t731\t2000-04-25 00:00:00.0\t2\t999\t1\t1037.93\n13\t1051\t2000-04-25 00:00:00.0\t2\t999\t1\t1037.93\n13\t4434\t2000-04-25 00:00:00.0\t2\t999\t1\t1037.93\n13\t4838\t2000-04-25 00:00:00.0\t2\t999\t1\t1037.93\n13\t5981\t2000-04-25 00:00:00.0\t2\t999\t1\t1037.93\n13\t7251\t2000-04-25 00:00:00.0\t2\t999\t1\t1037.93\n13\t7481\t2000-04-25 00:00:00.0\t2\t999\t1\t1037.93\n13\t8014\t2000-04-25 00:00:00.0\t2\t999\t1\t1037.93\n13\t19715\t2000-04-25 00:00:00.0\t2\t999\t1\t1037.93\n13\t377\t2000-04-26 00:00:00.0\t2\t999\t1\t1052.46\n13\t1198\t2000-04-26 00:00:00.0\t2\t999\t1\t1052.46\n13\t1529\t2000-04-26 00:00:00.0\t2\t999\t1\t1052.46\n13\t2746\t2000-04-26 00:00:00.0\t2\t999\t1\t1052.46\n13\t3656\t2000-04-26 00:00:00.0\t2\t999\t1\t1052.46\n13\t4061\t2000-04-26 00:00:00.0\t2\t999\t1\t1052.46\n13\t5537\t2000-04-26 00:00:00.0\t2\t999\t1\t1052.46\n13\t5637\t2000-04-26 00:00:00.0\t2\t999\t1\t1052.46\n13\t7117\t2000-04-26 00:00:00.0\t2\t999\t1\t1052.46\n13\t9161\t2000-04-26 00:00:00.0\t2\t999\t1\t1052.46\n13\t11108\t2000-04-26 00:00:00.0\t2\t999\t1\t1052.46\n13\t16774\t2000-04-26 00:00:00.0\t2\t999\t1\t1052.46\n13\t244\t2000-04-28 00:00:00.0\t2\t999\t1\t1037.93\n13\t1924\t2000-04-28 00:00:00.0\t2\t999\t1\t1037.93\n13\t2384\t2000-04-28 00:00:00.0\t2\t999\t1\t1037.93\n13\t14489\t2000-04-28 00:00:00.0\t2\t999\t1\t1037.93\n13\t2637\t2000-05-03 00:00:00.0\t2\t999\t1\t1060.63\n13\t7981\t2000-05-03 00:00:00.0\t2\t999\t1\t1060.63\n13\t124\t2000-05-14 00:00:00.0\t2\t999\t1\t1060.63\n13\t2268\t2000-05-14 00:00:00.0\t2\t999\t1\t1060.63\n13\t2896\t2000-05-14 00:00:00.0\t2\t999\t1\t1060.63\n13\t5678\t2000-05-14 00:00:00.0\t2\t999\t1\t1060.63\n13\t6934\t2000-05-14 00:00:00.0\t2\t999\t1\t1060.63\n13\t9774\t2000-05-14 00:00:00.0\t2\t999\t1\t1060.63\n13\t12456\t2000-05-14 00:00:00.0\t2\t999\t1\t1060.63\n13\t7241\t2000-05-16 00:00:00.0\t2\t999\t1\t1060.63\n13\t8546\t2000-05-16 00:00:00.0\t2\t999\t1\t1060.63\n13\t897\t2000-05-23 00:00:00.0\t2\t999\t1\t1060.63\n13\t2448\t2000-05-23 00:00:00.0\t2\t999\t1\t1060.63\n13\t2709\t2000-05-23 00:00:00.0\t2\t999\t1\t1060.63\n13\t9124\t2000-05-23 00:00:00.0\t2\t999\t1\t1060.63\n13\t9978\t2000-05-23 00:00:00.0\t2\t999\t1\t1060.63\n13\t11665\t2000-05-23 00:00:00.0\t2\t999\t1\t1060.63\n13\t30781\t2000-05-23 00:00:00.0\t2\t999\t1\t1060.63\n13\t7497\t2000-05-26 00:00:00.0\t2\t999\t1\t1060.63\n13\t8485\t2000-05-26 00:00:00.0\t2\t999\t1\t1060.63\n13\t6900\t2000-05-30 00:00:00.0\t2\t999\t1\t1060.63\n13\t184\t2000-05-30 00:00:00.0\t2\t999\t1\t1060.63\n13\t1257\t2000-05-30 00:00:00.0\t2\t999\t1\t1060.63\n13\t1699\t2000-05-30 00:00:00.0\t2\t999\t1\t1060.63\n13\t1749\t2000-05-30 00:00:00.0\t2\t999\t1\t1060.63\n13\t2085\t2000-05-30 00:00:00.0\t2\t999\t1\t1060.63\n13\t2355\t2000-05-30 00:00:00.0\t2\t999\t1\t1060.63\n13\t2915\t2000-05-30 00:00:00.0\t2\t999\t1\t1060.63\n13\t3297\t2000-05-30 00:00:00.0\t2\t999\t1\t1060.63\n13\t3487\t2000-05-30 00:00:00.0\t2\t999\t1\t1060.63\n13\t3752\t2000-05-30 00:00:00.0\t2\t999\t1\t1060.63\n13\t4003\t2000-05-30 00:00:00.0\t2\t999\t1\t1060.63\n13\t6229\t2000-05-30 00:00:00.0\t2\t999\t1\t1060.63\n13\t7708\t2000-05-30 00:00:00.0\t2\t999\t1\t1060.63\n13\t7792\t2000-05-30 00:00:00.0\t2\t999\t1\t1060.63\n13\t8092\t2000-05-30 00:00:00.0\t2\t999\t1\t1060.63\n13\t8246\t2000-05-30 00:00:00.0\t2\t999\t1\t1060.63\n13\t9453\t2000-05-30 00:00:00.0\t2\t999\t1\t1060.63\n13\t17625\t2000-05-30 00:00:00.0\t2\t999\t1\t1060.63\n13\t23737\t2000-05-30 00:00:00.0\t2\t999\t1\t1060.63\n13\t31946\t2000-05-30 00:00:00.0\t2\t999\t1\t1060.63\n13\t36148\t2000-05-30 00:00:00.0\t2\t999\t1\t1060.63\n13\t40743\t2000-05-30 00:00:00.0\t2\t999\t1\t1060.63\n13\t2416\t2000-06-02 00:00:00.0\t2\t999\t1\t1035.33\n13\t2826\t2000-06-02 00:00:00.0\t2\t999\t1\t1035.33\n13\t3248\t2000-06-02 00:00:00.0\t2\t999\t1\t1035.33\n13\t6757\t2000-06-02 00:00:00.0\t2\t999\t1\t1035.33\n13\t10657\t2000-06-02 00:00:00.0\t2\t999\t1\t1035.33\n13\t11389\t2000-06-02 00:00:00.0\t2\t999\t1\t1035.33\n13\t285\t2000-06-03 00:00:00.0\t2\t999\t1\t1035.33\n13\t829\t2000-06-03 00:00:00.0\t2\t999\t1\t1035.33\n13\t3069\t2000-06-03 00:00:00.0\t2\t999\t1\t1035.33\n13\t6961\t2000-06-03 00:00:00.0\t2\t999\t1\t1035.33\n13\t7788\t2000-06-03 00:00:00.0\t2\t999\t1\t1035.33\n13\t12268\t2000-06-03 00:00:00.0\t2\t999\t1\t1035.33\n13\t24554\t2000-06-03 00:00:00.0\t2\t999\t1\t1035.33\n13\t2268\t2000-06-13 00:00:00.0\t2\t999\t1\t1049.83\n13\t2901\t2000-06-13 00:00:00.0\t2\t999\t1\t1049.83\n13\t7754\t2000-06-13 00:00:00.0\t2\t999\t1\t1049.83\n13\t9774\t2000-06-13 00:00:00.0\t2\t999\t1\t1049.83\n13\t10574\t2000-06-13 00:00:00.0\t2\t999\t1\t1049.83\n13\t12456\t2000-06-13 00:00:00.0\t2\t999\t1\t1049.83\n13\t1378\t2000-06-16 00:00:00.0\t2\t999\t1\t1049.83\n13\t5814\t2000-06-16 00:00:00.0\t2\t999\t1\t1049.83\n13\t6384\t2000-06-16 00:00:00.0\t2\t999\t1\t1049.83\n13\t7497\t2000-06-16 00:00:00.0\t2\t999\t1\t1049.83\n13\t8485\t2000-06-16 00:00:00.0\t2\t999\t1\t1049.83\n13\t9768\t2000-06-16 00:00:00.0\t2\t999\t1\t1049.83\n13\t12694\t2000-06-16 00:00:00.0\t2\t999\t1\t1049.83\n13\t17625\t2000-06-16 00:00:00.0\t2\t999\t1\t1049.83\n13\t32694\t2000-06-16 00:00:00.0\t2\t999\t1\t1049.83\n13\t117\t2000-06-26 00:00:00.0\t2\t999\t1\t1035.33\n13\t464\t2000-06-26 00:00:00.0\t2\t999\t1\t1035.33\n13\t1198\t2000-06-26 00:00:00.0\t2\t999\t1\t1035.33\n13\t1378\t2000-06-26 00:00:00.0\t2\t999\t1\t1035.33\n13\t4094\t2000-06-26 00:00:00.0\t2\t999\t1\t1035.33\n13\t4486\t2000-06-26 00:00:00.0\t2\t999\t1\t1035.33\n13\t4934\t2000-06-26 00:00:00.0\t2\t999\t1\t1035.33\n13\t7118\t2000-06-26 00:00:00.0\t2\t999\t1\t1035.33\n13\t11108\t2000-06-26 00:00:00.0\t2\t999\t1\t1035.33\n13\t28517\t2000-06-26 00:00:00.0\t2\t999\t1\t1035.33\n13\t5768\t2000-07-02 00:00:00.0\t2\t999\t1\t1033.21\n13\t7008\t2000-07-02 00:00:00.0\t2\t999\t1\t1033.21\n13\t10316\t2000-07-02 00:00:00.0\t2\t999\t1\t1033.21\n13\t26444\t2000-07-02 00:00:00.0\t2\t999\t1\t1033.21\n13\t1766\t2000-07-13 00:00:00.0\t2\t999\t1\t1043.5\n13\t2974\t2000-07-13 00:00:00.0\t2\t999\t1\t1043.5\n13\t9976\t2000-07-13 00:00:00.0\t2\t999\t1\t1043.5\n13\t4021\t2000-07-17 00:00:00.0\t2\t999\t1\t1043.5\n13\t5761\t2000-07-17 00:00:00.0\t2\t999\t1\t1043.5\n13\t8546\t2000-07-17 00:00:00.0\t2\t999\t1\t1043.5\n13\t1488\t2000-07-20 00:00:00.0\t2\t999\t1\t1029.1\n13\t2604\t2000-07-20 00:00:00.0\t2\t999\t1\t1029.1\n13\t3944\t2000-07-20 00:00:00.0\t2\t999\t1\t1029.1\n13\t4416\t2000-07-20 00:00:00.0\t2\t999\t1\t1029.1\n13\t10184\t2000-07-20 00:00:00.0\t2\t999\t1\t1029.1\n13\t10858\t2000-07-20 00:00:00.0\t2\t999\t1\t1029.1\n13\t48834\t2000-07-20 00:00:00.0\t2\t999\t1\t1029.1\n13\t5529\t2000-07-23 00:00:00.0\t2\t999\t1\t1033.21\n13\t33768\t2000-07-23 00:00:00.0\t2\t999\t1\t1033.21\n13\t117\t2000-07-28 00:00:00.0\t2\t999\t1\t1029.1\n13\t1198\t2000-07-28 00:00:00.0\t2\t999\t1\t1029.1\n13\t4094\t2000-07-28 00:00:00.0\t2\t999\t1\t1029.1\n13\t4486\t2000-07-28 00:00:00.0\t2\t999\t1\t1029.1\n13\t4934\t2000-07-28 00:00:00.0\t2\t999\t1\t1029.1\n13\t14861\t2000-07-28 00:00:00.0\t2\t999\t1\t1029.1\n13\t28517\t2000-07-28 00:00:00.0\t2\t999\t1\t1029.1\n13\t128\t2000-07-30 00:00:00.0\t2\t999\t1\t1029.1\n13\t1926\t2000-07-30 00:00:00.0\t2\t999\t1\t1029.1\n13\t2208\t2000-07-30 00:00:00.0\t2\t999\t1\t1029.1\n13\t4474\t2000-07-30 00:00:00.0\t2\t999\t1\t1029.1\n13\t7241\t2000-07-30 00:00:00.0\t2\t999\t1\t1029.1\n13\t8101\t2000-07-30 00:00:00.0\t2\t999\t1\t1029.1\n13\t986\t2000-08-02 00:00:00.0\t2\t999\t1\t1030.1\n13\t1885\t2000-08-02 00:00:00.0\t2\t999\t1\t1030.1\n13\t5038\t2000-08-02 00:00:00.0\t2\t999\t1\t1030.1\n13\t7009\t2000-08-02 00:00:00.0\t2\t999\t1\t1030.1\n13\t8206\t2000-08-02 00:00:00.0\t2\t999\t1\t1030.1\n13\t10316\t2000-08-02 00:00:00.0\t2\t999\t1\t1030.1\n13\t13466\t2000-08-02 00:00:00.0\t2\t999\t1\t1030.1\n13\t14008\t2000-08-02 00:00:00.0\t2\t999\t1\t1030.1\n13\t1649\t2000-08-10 00:00:00.0\t2\t999\t1\t1044.53\n13\t1761\t2000-08-10 00:00:00.0\t2\t999\t1\t1044.53\n13\t3985\t2000-08-10 00:00:00.0\t2\t999\t1\t1044.53\n13\t236\t2000-08-17 00:00:00.0\t2\t999\t1\t1030.1\n13\t2226\t2000-08-17 00:00:00.0\t2\t999\t1\t1030.1\n13\t2469\t2000-08-17 00:00:00.0\t2\t999\t1\t1030.1\n13\t2581\t2000-08-17 00:00:00.0\t2\t999\t1\t1030.1\n13\t4021\t2000-08-17 00:00:00.0\t2\t999\t1\t1030.1\n13\t4474\t2000-08-17 00:00:00.0\t2\t999\t1\t1030.1\n13\t5028\t2000-08-17 00:00:00.0\t2\t999\t1\t1030.1\n13\t7928\t2000-08-17 00:00:00.0\t2\t999\t1\t1030.1\n13\t9881\t2000-08-17 00:00:00.0\t2\t999\t1\t1030.1\n13\t43564\t2000-08-17 00:00:00.0\t2\t999\t1\t1030.1\n13\t1304\t2000-08-20 00:00:00.0\t2\t999\t1\t1044.53\n13\t1984\t2000-08-20 00:00:00.0\t2\t999\t1\t1044.53\n13\t2604\t2000-08-20 00:00:00.0\t2\t999\t1\t1044.53\n13\t3901\t2000-08-20 00:00:00.0\t2\t999\t1\t1044.53\n13\t7425\t2000-08-20 00:00:00.0\t2\t999\t1\t1044.53\n13\t11568\t2000-08-20 00:00:00.0\t2\t999\t1\t1044.53\n13\t48834\t2000-08-20 00:00:00.0\t2\t999\t1\t1044.53\n13\t464\t2000-08-28 00:00:00.0\t2\t999\t1\t1044.53\n13\t4094\t2000-08-28 00:00:00.0\t2\t999\t1\t1044.53\n13\t4345\t2000-08-28 00:00:00.0\t2\t999\t1\t1044.53\n13\t4486\t2000-08-28 00:00:00.0\t2\t999\t1\t1044.53\n13\t4934\t2000-08-28 00:00:00.0\t2\t999\t1\t1044.53\n13\t8354\t2000-08-28 00:00:00.0\t2\t999\t1\t1044.53\n13\t14814\t2000-08-28 00:00:00.0\t2\t999\t1\t1044.53\n13\t14861\t2000-08-28 00:00:00.0\t2\t999\t1\t1044.53\n13\t28517\t2000-08-28 00:00:00.0\t2\t999\t1\t1044.53\n13\t1287\t2000-08-30 00:00:00.0\t2\t999\t1\t1033.71\n13\t1306\t2000-08-30 00:00:00.0\t2\t999\t1\t1033.71\n13\t1477\t2000-08-30 00:00:00.0\t2\t999\t1\t1033.71\n13\t1826\t2000-08-30 00:00:00.0\t2\t999\t1\t1033.71\n13\t4036\t2000-08-30 00:00:00.0\t2\t999\t1\t1033.71\n13\t4158\t2000-08-30 00:00:00.0\t2\t999\t1\t1033.71\n13\t4183\t2000-08-30 00:00:00.0\t2\t999\t1\t1033.71\n13\t5407\t2000-08-30 00:00:00.0\t2\t999\t1\t1033.71\n13\t5549\t2000-08-30 00:00:00.0\t2\t999\t1\t1033.71\n13\t5632\t2000-08-30 00:00:00.0\t2\t999\t1\t1033.71\n13\t6071\t2000-08-30 00:00:00.0\t2\t999\t1\t1033.71\n13\t9608\t2000-08-30 00:00:00.0\t2\t999\t1\t1033.71\n13\t11334\t2000-08-30 00:00:00.0\t2\t999\t1\t1033.71\n13\t16629\t2000-08-30 00:00:00.0\t2\t999\t1\t1033.71\n13\t33559\t2000-08-30 00:00:00.0\t2\t999\t1\t1033.71\n13\t14008\t2000-09-03 00:00:00.0\t2\t999\t1\t920.04\n13\t2604\t2000-09-19 00:00:00.0\t2\t999\t1\t910.52\n13\t4417\t2000-09-19 00:00:00.0\t2\t999\t1\t910.52\n13\t10985\t2000-09-19 00:00:00.0\t2\t999\t1\t910.52\n13\t266\t2000-09-23 00:00:00.0\t2\t999\t1\t907.34\n13\t936\t2000-09-23 00:00:00.0\t2\t999\t1\t907.34\n13\t1566\t2000-09-23 00:00:00.0\t2\t999\t1\t907.34\n13\t3401\t2000-09-23 00:00:00.0\t2\t999\t1\t907.34\n13\t11126\t2000-09-23 00:00:00.0\t2\t999\t1\t907.34\n13\t12054\t2000-09-23 00:00:00.0\t2\t999\t1\t907.34\n13\t13421\t2000-09-23 00:00:00.0\t2\t999\t1\t907.34\n13\t157\t2000-09-25 00:00:00.0\t2\t999\t1\t907.34\n13\t1907\t2000-09-25 00:00:00.0\t2\t999\t1\t907.34\n13\t2265\t2000-09-25 00:00:00.0\t2\t999\t1\t907.34\n13\t2283\t2000-09-25 00:00:00.0\t2\t999\t1\t907.34\n13\t3050\t2000-09-25 00:00:00.0\t2\t999\t1\t907.34\n13\t3502\t2000-09-25 00:00:00.0\t2\t999\t1\t907.34\n13\t4245\t2000-09-25 00:00:00.0\t2\t999\t1\t907.34\n13\t5005\t2000-09-25 00:00:00.0\t2\t999\t1\t907.34\n13\t5405\t2000-09-25 00:00:00.0\t2\t999\t1\t907.34\n13\t5540\t2000-09-25 00:00:00.0\t2\t999\t1\t907.34\n13\t6931\t2000-09-25 00:00:00.0\t2\t999\t1\t907.34\n13\t7206\t2000-09-25 00:00:00.0\t2\t999\t1\t907.34\n13\t7520\t2000-09-25 00:00:00.0\t2\t999\t1\t907.34\n13\t8186\t2000-09-25 00:00:00.0\t2\t999\t1\t907.34\n13\t9498\t2000-09-25 00:00:00.0\t2\t999\t1\t907.34\n13\t12343\t2000-09-25 00:00:00.0\t2\t999\t1\t907.34\n13\t14027\t2000-09-25 00:00:00.0\t2\t999\t1\t907.34\n13\t17420\t2000-09-25 00:00:00.0\t2\t999\t1\t907.34\n13\t5808\t2000-09-26 00:00:00.0\t2\t999\t1\t920.04\n13\t7791\t2000-09-26 00:00:00.0\t2\t999\t1\t920.04\n13\t8809\t2000-09-26 00:00:00.0\t2\t999\t1\t920.04\n13\t5905\t2000-10-10 00:00:00.0\t2\t999\t1\t1044.82\n13\t2444\t2000-10-13 00:00:00.0\t2\t999\t1\t1044.82\n13\t7929\t2000-10-13 00:00:00.0\t2\t999\t1\t1044.82\n13\t10665\t2000-10-13 00:00:00.0\t2\t999\t1\t1044.82\n13\t11597\t2000-10-13 00:00:00.0\t2\t999\t1\t1044.82\n13\t9\t2000-10-17 00:00:00.0\t2\t999\t1\t1030.39\n13\t1577\t2000-10-17 00:00:00.0\t2\t999\t1\t1030.39\n13\t5028\t2000-10-17 00:00:00.0\t2\t999\t1\t1030.39\n13\t6829\t2000-10-17 00:00:00.0\t2\t999\t1\t1030.39\n13\t8805\t2000-10-17 00:00:00.0\t2\t999\t1\t1030.39\n13\t43564\t2000-10-17 00:00:00.0\t2\t999\t1\t1030.39\n13\t1304\t2000-10-20 00:00:00.0\t2\t999\t1\t1044.82\n13\t1914\t2000-10-20 00:00:00.0\t2\t999\t1\t1044.82\n13\t2394\t2000-10-20 00:00:00.0\t2\t999\t1\t1044.82\n13\t3445\t2000-10-20 00:00:00.0\t2\t999\t1\t1044.82\n13\t4165\t2000-10-20 00:00:00.0\t2\t999\t1\t1044.82\n13\t10608\t2000-10-20 00:00:00.0\t2\t999\t1\t1044.82\n13\t11568\t2000-10-20 00:00:00.0\t2\t999\t1\t1044.82\n13\t35624\t2000-10-20 00:00:00.0\t2\t999\t1\t1044.82\n13\t2154\t2000-10-23 00:00:00.0\t2\t999\t1\t1030.39\n13\t4201\t2000-10-23 00:00:00.0\t2\t999\t1\t1030.39\n13\t6105\t2000-10-23 00:00:00.0\t2\t999\t1\t1030.39\n13\t27834\t2000-10-23 00:00:00.0\t2\t999\t1\t1030.39\n13\t465\t2000-10-28 00:00:00.0\t2\t999\t1\t1044.82\n13\t1889\t2000-10-28 00:00:00.0\t2\t999\t1\t1044.82\n13\t2654\t2000-10-28 00:00:00.0\t2\t999\t1\t1044.82\n13\t3464\t2000-10-28 00:00:00.0\t2\t999\t1\t1044.82\n13\t7801\t2000-10-28 00:00:00.0\t2\t999\t1\t1044.82\n13\t8354\t2000-10-28 00:00:00.0\t2\t999\t1\t1044.82\n13\t9734\t2000-10-28 00:00:00.0\t2\t999\t1\t1044.82\n13\t12149\t2000-10-28 00:00:00.0\t2\t999\t1\t1044.82\n13\t14814\t2000-10-28 00:00:00.0\t2\t999\t1\t1044.82\n13\t14864\t2000-10-28 00:00:00.0\t2\t999\t1\t1044.82\n13\t29394\t2000-10-28 00:00:00.0\t2\t999\t1\t1044.82\n13\t864\t2000-11-03 00:00:00.0\t2\t999\t1\t1043.5\n13\t2156\t2000-11-03 00:00:00.0\t2\t999\t1\t1043.5\n13\t2509\t2000-11-03 00:00:00.0\t2\t999\t1\t1043.5\n13\t1626\t2000-11-12 00:00:00.0\t2\t999\t1\t1029.1\n13\t1681\t2000-11-12 00:00:00.0\t2\t999\t1\t1029.1\n13\t2006\t2000-11-12 00:00:00.0\t2\t999\t1\t1029.1\n13\t3341\t2000-11-12 00:00:00.0\t2\t999\t1\t1029.1\n13\t7929\t2000-11-12 00:00:00.0\t2\t999\t1\t1029.1\n13\t33765\t2000-11-12 00:00:00.0\t2\t999\t1\t1029.1\n13\t3484\t2000-11-14 00:00:00.0\t2\t999\t1\t1029.1\n13\t8445\t2000-11-14 00:00:00.0\t2\t999\t1\t1029.1\n13\t9\t2000-11-16 00:00:00.0\t2\t999\t1\t1029.1\n13\t3304\t2000-11-16 00:00:00.0\t2\t999\t1\t1029.1\n13\t43564\t2000-11-16 00:00:00.0\t2\t999\t1\t1029.1\n13\t1241\t2000-11-17 00:00:00.0\t2\t999\t1\t1029.1\n13\t3014\t2000-11-17 00:00:00.0\t2\t999\t1\t1029.1\n13\t3365\t2000-11-17 00:00:00.0\t2\t999\t1\t1029.1\n13\t5126\t2000-11-17 00:00:00.0\t2\t999\t1\t1029.1\n13\t7076\t2000-11-17 00:00:00.0\t2\t999\t1\t1029.1\n13\t9669\t2000-11-17 00:00:00.0\t2\t999\t1\t1029.1\n13\t17566\t2000-11-17 00:00:00.0\t2\t999\t1\t1029.1\n13\t1914\t2000-11-19 00:00:00.0\t2\t999\t1\t1043.5\n13\t2394\t2000-11-19 00:00:00.0\t2\t999\t1\t1043.5\n13\t3445\t2000-11-19 00:00:00.0\t2\t999\t1\t1043.5\n13\t3904\t2000-11-19 00:00:00.0\t2\t999\t1\t1043.5\n13\t35624\t2000-11-19 00:00:00.0\t2\t999\t1\t1043.5\n13\t1594\t2000-11-26 00:00:00.0\t2\t999\t1\t1032.7\n13\t2621\t2000-11-26 00:00:00.0\t2\t999\t1\t1032.7\n13\t5808\t2000-11-26 00:00:00.0\t2\t999\t1\t1032.7\n13\t7626\t2000-11-26 00:00:00.0\t2\t999\t1\t1032.7\n13\t21086\t2000-11-26 00:00:00.0\t2\t999\t1\t1032.7\n13\t2156\t2000-12-02 00:00:00.0\t2\t999\t1\t983.67\n13\t4097\t2000-12-02 00:00:00.0\t2\t999\t1\t983.67\n13\t5774\t2000-12-02 00:00:00.0\t2\t999\t1\t983.67\n13\t10317\t2000-12-02 00:00:00.0\t2\t999\t1\t983.67\n13\t1817\t2000-12-03 00:00:00.0\t2\t999\t1\t970.1\n13\t1883\t2000-12-03 00:00:00.0\t2\t999\t1\t970.1\n13\t5427\t2000-12-03 00:00:00.0\t2\t999\t1\t970.1\n13\t6147\t2000-12-03 00:00:00.0\t2\t999\t1\t970.1\n13\t8452\t2000-12-03 00:00:00.0\t2\t999\t1\t970.1\n13\t4534\t2000-12-10 00:00:00.0\t2\t999\t1\t983.67\n13\t385\t2000-12-13 00:00:00.0\t2\t999\t1\t983.67\n13\t5717\t2000-12-13 00:00:00.0\t2\t999\t1\t983.67\n13\t2895\t2000-12-14 00:00:00.0\t2\t999\t1\t973.97\n13\t5010\t2000-12-14 00:00:00.0\t2\t999\t1\t973.97\n13\t6230\t2000-12-14 00:00:00.0\t2\t999\t1\t973.97\n13\t12345\t2000-12-14 00:00:00.0\t2\t999\t1\t973.97\n13\t20395\t2000-12-14 00:00:00.0\t2\t999\t1\t973.97\n13\t2240\t2000-12-16 00:00:00.0\t2\t999\t1\t970.1\n13\t5067\t2000-12-16 00:00:00.0\t2\t999\t1\t970.1\n13\t7678\t2000-12-16 00:00:00.0\t2\t999\t1\t970.1\n13\t18319\t2000-12-16 00:00:00.0\t2\t999\t1\t970.1\n13\t14937\t2000-12-17 00:00:00.0\t2\t999\t1\t983.67\n13\t8825\t2000-12-18 00:00:00.0\t2\t999\t1\t983.67\n13\t1914\t2000-12-20 00:00:00.0\t2\t999\t1\t983.67\n13\t3445\t2000-12-20 00:00:00.0\t2\t999\t1\t983.67\n13\t3945\t2000-12-20 00:00:00.0\t2\t999\t1\t983.67\n13\t4125\t2000-12-20 00:00:00.0\t2\t999\t1\t983.67\n13\t24754\t2000-12-20 00:00:00.0\t2\t999\t1\t983.67\n13\t936\t2000-12-24 00:00:00.0\t2\t999\t1\t983.67\n13\t1325\t2000-12-24 00:00:00.0\t2\t999\t1\t983.67\n13\t2154\t2000-12-24 00:00:00.0\t2\t999\t1\t983.67\n13\t5905\t2000-12-24 00:00:00.0\t2\t999\t1\t983.67\n13\t13845\t2000-12-24 00:00:00.0\t2\t999\t1\t983.67\n13\t534\t2000-12-28 00:00:00.0\t2\t999\t1\t983.67\n13\t3465\t2000-12-28 00:00:00.0\t2\t999\t1\t983.67\n13\t7554\t2000-12-28 00:00:00.0\t2\t999\t1\t983.67\n13\t13877\t2000-12-28 00:00:00.0\t2\t999\t1\t983.67\n13\t15554\t2000-12-28 00:00:00.0\t2\t999\t1\t983.67\n13\t29394\t2000-12-28 00:00:00.0\t2\t999\t1\t983.67\n13\t2284\t2001-01-13 00:00:00.0\t2\t999\t1\t1173.97\n13\t2444\t2001-01-13 00:00:00.0\t2\t999\t1\t1173.97\n13\t9966\t2001-01-13 00:00:00.0\t2\t999\t1\t1173.97\n13\t9\t2001-01-17 00:00:00.0\t2\t999\t1\t1173.97\n13\t1928\t2001-01-17 00:00:00.0\t2\t999\t1\t1173.97\n13\t3304\t2001-01-17 00:00:00.0\t2\t999\t1\t1173.97\n13\t6509\t2001-01-17 00:00:00.0\t2\t999\t1\t1173.97\n13\t7104\t2001-01-17 00:00:00.0\t2\t999\t1\t1173.97\n13\t8806\t2001-01-17 00:00:00.0\t2\t999\t1\t1173.97\n13\t1484\t2001-01-18 00:00:00.0\t2\t999\t1\t1173.97\n13\t141\t2001-01-23 00:00:00.0\t2\t999\t1\t1173.97\n13\t4201\t2001-01-23 00:00:00.0\t2\t999\t1\t1173.97\n13\t5009\t2001-01-23 00:00:00.0\t2\t999\t1\t1173.97\n13\t141\t2001-01-24 00:00:00.0\t2\t999\t1\t1173.97\n13\t4201\t2001-01-24 00:00:00.0\t2\t999\t1\t1173.97\n13\t5009\t2001-01-24 00:00:00.0\t2\t999\t1\t1173.97\n13\t3484\t2001-01-30 00:00:00.0\t2\t999\t1\t1173.97\n13\t12289\t2001-01-30 00:00:00.0\t2\t999\t1\t1173.97\n13\t21086\t2001-01-30 00:00:00.0\t2\t999\t1\t1173.97\n13\t3039\t2001-02-02 00:00:00.0\t2\t999\t1\t1185.17\n13\t6960\t2001-02-02 00:00:00.0\t2\t999\t1\t1185.17\n13\t15380\t2001-02-02 00:00:00.0\t2\t999\t1\t1185.17\n13\t29313\t2001-02-02 00:00:00.0\t2\t999\t1\t1185.17\n13\t1311\t2001-02-10 00:00:00.0\t2\t999\t1\t1185.17\n13\t2672\t2001-02-10 00:00:00.0\t2\t999\t1\t1185.17\n13\t3299\t2001-02-10 00:00:00.0\t2\t999\t1\t1185.17\n13\t7939\t2001-02-10 00:00:00.0\t2\t999\t1\t1185.17\n13\t9500\t2001-02-13 00:00:00.0\t2\t999\t1\t1185.17\n13\t14270\t2001-02-13 00:00:00.0\t2\t999\t1\t1185.17\n13\t150\t2001-02-14 00:00:00.0\t2\t999\t1\t1185.17\n13\t1780\t2001-02-14 00:00:00.0\t2\t999\t1\t1185.17\n13\t2073\t2001-02-14 00:00:00.0\t2\t999\t1\t1185.17\n13\t2240\t2001-02-14 00:00:00.0\t2\t999\t1\t1185.17\n13\t2260\t2001-02-14 00:00:00.0\t2\t999\t1\t1185.17\n13\t3367\t2001-02-14 00:00:00.0\t2\t999\t1\t1185.17\n13\t5067\t2001-02-14 00:00:00.0\t2\t999\t1\t1185.17\n13\t5820\t2001-02-14 00:00:00.0\t2\t999\t1\t1185.17\n13\t7680\t2001-02-14 00:00:00.0\t2\t999\t1\t1185.17\n13\t8186\t2001-02-14 00:00:00.0\t2\t999\t1\t1185.17\n13\t8390\t2001-02-14 00:00:00.0\t2\t999\t1\t1185.17\n13\t12900\t2001-02-14 00:00:00.0\t2\t999\t1\t1185.17\n13\t18319\t2001-02-14 00:00:00.0\t2\t999\t1\t1185.17\n13\t4900\t2001-02-17 00:00:00.0\t2\t999\t1\t1185.17\n13\t330\t2001-02-17 00:00:00.0\t2\t999\t1\t1185.17\n13\t450\t2001-02-17 00:00:00.0\t2\t999\t1\t1185.17\n13\t2390\t2001-02-17 00:00:00.0\t2\t999\t1\t1185.17\n13\t3471\t2001-02-17 00:00:00.0\t2\t999\t1\t1185.17\n13\t3610\t2001-02-17 00:00:00.0\t2\t999\t1\t1185.17\n13\t4851\t2001-02-17 00:00:00.0\t2\t999\t1\t1185.17\n13\t7880\t2001-02-17 00:00:00.0\t2\t999\t1\t1185.17\n13\t8531\t2001-02-17 00:00:00.0\t2\t999\t1\t1185.17\n13\t10292\t2001-02-17 00:00:00.0\t2\t999\t1\t1185.17\n13\t7048\t2001-02-23 00:00:00.0\t2\t999\t1\t1185.17\n13\t24560\t2001-02-23 00:00:00.0\t2\t999\t1\t1185.17\n13\t2720\t2001-02-28 00:00:00.0\t2\t999\t1\t1185.17\n13\t5870\t2001-02-28 00:00:00.0\t2\t999\t1\t1185.17\n13\t1591\t2001-03-14 00:00:00.0\t2\t999\t1\t1172.59\n13\t1617\t2001-03-14 00:00:00.0\t2\t999\t1\t1172.59\n13\t2619\t2001-03-14 00:00:00.0\t2\t999\t1\t1172.59\n13\t5010\t2001-03-14 00:00:00.0\t2\t999\t1\t1172.59\n13\t6231\t2001-03-14 00:00:00.0\t2\t999\t1\t1172.59\n13\t11073\t2001-03-14 00:00:00.0\t2\t999\t1\t1172.59\n13\t20395\t2001-03-14 00:00:00.0\t2\t999\t1\t1172.59\n13\t905\t2001-03-16 00:00:00.0\t2\t999\t1\t1172.59\n13\t1780\t2001-03-16 00:00:00.0\t2\t999\t1\t1172.59\n13\t2073\t2001-03-16 00:00:00.0\t2\t999\t1\t1172.59\n13\t2240\t2001-03-16 00:00:00.0\t2\t999\t1\t1172.59\n13\t4020\t2001-03-16 00:00:00.0\t2\t999\t1\t1172.59\n13\t5760\t2001-03-16 00:00:00.0\t2\t999\t1\t1172.59\n13\t7240\t2001-03-16 00:00:00.0\t2\t999\t1\t1172.59\n13\t7680\t2001-03-16 00:00:00.0\t2\t999\t1\t1172.59\n13\t8392\t2001-03-16 00:00:00.0\t2\t999\t1\t1172.59\n13\t18319\t2001-03-16 00:00:00.0\t2\t999\t1\t1172.59\n13\t1010\t2001-03-23 00:00:00.0\t2\t999\t1\t1172.59\n13\t2236\t2001-03-23 00:00:00.0\t2\t999\t1\t1172.59\n13\t4629\t2001-03-23 00:00:00.0\t2\t999\t1\t1172.59\n13\t5980\t2001-03-23 00:00:00.0\t2\t999\t1\t1172.59\n13\t7115\t2001-03-23 00:00:00.0\t2\t999\t1\t1172.59\n13\t7740\t2001-03-23 00:00:00.0\t2\t999\t1\t1172.59\n13\t8342\t2001-03-23 00:00:00.0\t2\t999\t1\t1172.59\n13\t8499\t2001-03-23 00:00:00.0\t2\t999\t1\t1172.59\n13\t10591\t2001-03-23 00:00:00.0\t2\t999\t1\t1172.59\n13\t30777\t2001-03-23 00:00:00.0\t2\t999\t1\t1172.59\n13\t33760\t2001-03-23 00:00:00.0\t2\t999\t1\t1172.59\n13\t1480\t2001-03-26 00:00:00.0\t2\t999\t1\t1172.59\n13\t1575\t2001-03-26 00:00:00.0\t2\t999\t1\t1172.59\n13\t4313\t2001-03-26 00:00:00.0\t2\t999\t1\t1172.59\n13\t4433\t2001-03-26 00:00:00.0\t2\t999\t1\t1172.59\n13\t4900\t2001-03-30 00:00:00.0\t2\t999\t1\t1172.59\n13\t1235\t2001-03-30 00:00:00.0\t2\t999\t1\t1172.59\n13\t3902\t2001-03-30 00:00:00.0\t2\t999\t1\t1172.59\n13\t4471\t2001-03-30 00:00:00.0\t2\t999\t1\t1172.59\n13\t4999\t2001-03-30 00:00:00.0\t2\t999\t1\t1172.59\n13\t6730\t2001-03-30 00:00:00.0\t2\t999\t1\t1172.59\n13\t8531\t2001-03-30 00:00:00.0\t2\t999\t1\t1172.59\n13\t13762\t2001-03-30 00:00:00.0\t2\t999\t1\t1172.59\n13\t680\t2001-04-02 00:00:00.0\t2\t999\t1\t1128.28\n13\t1191\t2001-04-02 00:00:00.0\t2\t999\t1\t1128.28\n13\t3282\t2001-04-02 00:00:00.0\t2\t999\t1\t1128.28\n13\t4535\t2001-04-02 00:00:00.0\t2\t999\t1\t1128.28\n13\t6252\t2001-04-02 00:00:00.0\t2\t999\t1\t1128.28\n13\t8630\t2001-04-02 00:00:00.0\t2\t999\t1\t1128.28\n13\t9162\t2001-04-02 00:00:00.0\t2\t999\t1\t1128.28\n13\t7100\t2001-04-03 00:00:00.0\t2\t999\t1\t1128.28\n13\t2150\t2001-04-03 00:00:00.0\t2\t999\t1\t1128.28\n13\t2935\t2001-04-03 00:00:00.0\t2\t999\t1\t1128.28\n13\t7970\t2001-04-03 00:00:00.0\t2\t999\t1\t1128.28\n13\t8623\t2001-04-03 00:00:00.0\t2\t999\t1\t1128.28\n13\t715\t2001-04-13 00:00:00.0\t2\t999\t1\t1128.28\n13\t1591\t2001-04-13 00:00:00.0\t2\t999\t1\t1128.28\n13\t1617\t2001-04-13 00:00:00.0\t2\t999\t1\t1128.28\n13\t2619\t2001-04-13 00:00:00.0\t2\t999\t1\t1128.28\n13\t5010\t2001-04-13 00:00:00.0\t2\t999\t1\t1128.28\n13\t6553\t2001-04-13 00:00:00.0\t2\t999\t1\t1128.28\n13\t16103\t2001-04-13 00:00:00.0\t2\t999\t1\t1128.28\n13\t20403\t2001-04-13 00:00:00.0\t2\t999\t1\t1128.28\n13\t131\t2001-04-16 00:00:00.0\t2\t999\t1\t1128.28\n13\t550\t2001-04-16 00:00:00.0\t2\t999\t1\t1128.28\n13\t853\t2001-04-16 00:00:00.0\t2\t999\t1\t1128.28\n13\t1235\t2001-04-16 00:00:00.0\t2\t999\t1\t1128.28\n13\t3902\t2001-04-16 00:00:00.0\t2\t999\t1\t1128.28\n13\t4435\t2001-04-16 00:00:00.0\t2\t999\t1\t1128.28\n13\t4471\t2001-04-16 00:00:00.0\t2\t999\t1\t1128.28\n13\t4999\t2001-04-16 00:00:00.0\t2\t999\t1\t1128.28\n13\t5330\t2001-04-16 00:00:00.0\t2\t999\t1\t1128.28\n13\t5411\t2001-04-16 00:00:00.0\t2\t999\t1\t1128.28\n13\t6730\t2001-04-16 00:00:00.0\t2\t999\t1\t1128.28\n13\t9991\t2001-04-16 00:00:00.0\t2\t999\t1\t1128.28\n13\t13762\t2001-04-16 00:00:00.0\t2\t999\t1\t1128.28\n13\t6400\t2001-04-26 00:00:00.0\t2\t999\t1\t1128.28\n13\t255\t2001-04-26 00:00:00.0\t2\t999\t1\t1128.28\n13\t2775\t2001-04-26 00:00:00.0\t2\t999\t1\t1128.28\n13\t3651\t2001-04-26 00:00:00.0\t2\t999\t1\t1128.28\n13\t4302\t2001-04-26 00:00:00.0\t2\t999\t1\t1128.28\n13\t4932\t2001-04-26 00:00:00.0\t2\t999\t1\t1128.28\n13\t9213\t2001-04-26 00:00:00.0\t2\t999\t1\t1128.28\n13\t11691\t2001-04-26 00:00:00.0\t2\t999\t1\t1128.28\n13\t13113\t2001-04-26 00:00:00.0\t2\t999\t1\t1128.28\n13\t14860\t2001-04-26 00:00:00.0\t2\t999\t1\t1128.28\n13\t3307\t2001-05-03 00:00:00.0\t2\t999\t1\t1126.93\n13\t8350\t2001-05-03 00:00:00.0\t2\t999\t1\t1126.93\n13\t211\t2001-05-14 00:00:00.0\t2\t999\t1\t1126.93\n13\t1591\t2001-05-14 00:00:00.0\t2\t999\t1\t1126.93\n13\t1575\t2001-05-16 00:00:00.0\t2\t999\t1\t1126.93\n13\t2002\t2001-05-16 00:00:00.0\t2\t999\t1\t1126.93\n13\t2570\t2001-05-16 00:00:00.0\t2\t999\t1\t1126.93\n13\t5760\t2001-05-16 00:00:00.0\t2\t999\t1\t1126.93\n13\t8392\t2001-05-16 00:00:00.0\t2\t999\t1\t1126.93\n13\t18320\t2001-05-16 00:00:00.0\t2\t999\t1\t1126.93\n13\t14247\t2001-05-17 00:00:00.0\t2\t999\t1\t1126.93\n13\t8500\t2001-05-23 00:00:00.0\t2\t999\t1\t1126.93\n13\t1010\t2001-05-23 00:00:00.0\t2\t999\t1\t1126.93\n13\t4030\t2001-05-23 00:00:00.0\t2\t999\t1\t1126.93\n13\t7115\t2001-05-23 00:00:00.0\t2\t999\t1\t1126.93\n13\t7347\t2001-05-23 00:00:00.0\t2\t999\t1\t1126.93\n13\t550\t2001-05-26 00:00:00.0\t2\t999\t1\t1126.93\n13\t33767\t2001-05-27 00:00:00.0\t2\t999\t1\t1126.93\n13\t1471\t2001-06-02 00:00:00.0\t2\t999\t1\t1124.25\n13\t2067\t2001-06-02 00:00:00.0\t2\t999\t1\t1124.25\n13\t3282\t2001-06-02 00:00:00.0\t2\t999\t1\t1124.25\n13\t5742\t2001-06-02 00:00:00.0\t2\t999\t1\t1124.25\n13\t6252\t2001-06-02 00:00:00.0\t2\t999\t1\t1124.25\n13\t9163\t2001-06-02 00:00:00.0\t2\t999\t1\t1124.25\n13\t33740\t2001-06-02 00:00:00.0\t2\t999\t1\t1124.25\n13\t2067\t2001-06-03 00:00:00.0\t2\t999\t1\t1124.25\n13\t2151\t2001-06-03 00:00:00.0\t2\t999\t1\t1124.25\n13\t2311\t2001-06-03 00:00:00.0\t2\t999\t1\t1124.25\n13\t2935\t2001-06-03 00:00:00.0\t2\t999\t1\t1124.25\n13\t3873\t2001-06-03 00:00:00.0\t2\t999\t1\t1124.25\n13\t9311\t2001-06-03 00:00:00.0\t2\t999\t1\t1124.25\n13\t12600\t2001-06-03 00:00:00.0\t2\t999\t1\t1124.25\n13\t211\t2001-06-13 00:00:00.0\t2\t999\t1\t1124.25\n13\t290\t2001-06-13 00:00:00.0\t2\t999\t1\t1124.25\n13\t753\t2001-06-13 00:00:00.0\t2\t999\t1\t1124.25\n13\t2067\t2001-06-13 00:00:00.0\t2\t999\t1\t1124.25\n13\t2347\t2001-06-13 00:00:00.0\t2\t999\t1\t1124.25\n13\t2599\t2001-06-13 00:00:00.0\t2\t999\t1\t1124.25\n13\t4190\t2001-06-13 00:00:00.0\t2\t999\t1\t1124.25\n13\t10175\t2001-06-13 00:00:00.0\t2\t999\t1\t1124.25\n13\t8400\t2001-06-16 00:00:00.0\t2\t999\t1\t1124.25\n13\t853\t2001-06-16 00:00:00.0\t2\t999\t1\t1124.25\n13\t1235\t2001-06-16 00:00:00.0\t2\t999\t1\t1124.25\n13\t1392\t2001-06-16 00:00:00.0\t2\t999\t1\t1124.25\n13\t1483\t2001-06-16 00:00:00.0\t2\t999\t1\t1124.25\n13\t1520\t2001-06-16 00:00:00.0\t2\t999\t1\t1124.25\n13\t4472\t2001-06-16 00:00:00.0\t2\t999\t1\t1124.25\n13\t5411\t2001-06-16 00:00:00.0\t2\t999\t1\t1124.25\n13\t5979\t2001-06-16 00:00:00.0\t2\t999\t1\t1124.25\n13\t6731\t2001-06-16 00:00:00.0\t2\t999\t1\t1124.25\n13\t16873\t2001-06-16 00:00:00.0\t2\t999\t1\t1124.25\n13\t36751\t2001-06-16 00:00:00.0\t2\t999\t1\t1124.25\n13\t6400\t2001-06-26 00:00:00.0\t2\t999\t1\t1124.25\n13\t255\t2001-06-26 00:00:00.0\t2\t999\t1\t1124.25\n13\t2775\t2001-06-26 00:00:00.0\t2\t999\t1\t1124.25\n13\t4062\t2001-06-26 00:00:00.0\t2\t999\t1\t1124.25\n13\t5859\t2001-06-26 00:00:00.0\t2\t999\t1\t1124.25\n13\t8353\t2001-06-26 00:00:00.0\t2\t999\t1\t1124.25\n13\t9491\t2001-06-26 00:00:00.0\t2\t999\t1\t1124.25\n13\t9732\t2001-06-26 00:00:00.0\t2\t999\t1\t1124.25\n13\t10051\t2001-06-26 00:00:00.0\t2\t999\t1\t1124.25\n13\t13113\t2001-06-26 00:00:00.0\t2\t999\t1\t1124.25\n13\t14535\t2001-06-26 00:00:00.0\t2\t999\t1\t1124.25\n13\t2171\t2001-06-28 00:00:00.0\t2\t999\t1\t1124.25\n13\t2570\t2001-06-28 00:00:00.0\t2\t999\t1\t1124.25\n13\t2810\t2001-06-28 00:00:00.0\t2\t999\t1\t1124.25\n13\t3075\t2001-06-28 00:00:00.0\t2\t999\t1\t1124.25\n13\t4750\t2001-06-28 00:00:00.0\t2\t999\t1\t1124.25\n13\t18320\t2001-06-28 00:00:00.0\t2\t999\t1\t1124.25\n13\t3735\t2001-07-02 00:00:00.0\t2\t999\t1\t1112.18\n13\t5772\t2001-07-02 00:00:00.0\t2\t999\t1\t1112.18\n13\t6822\t2001-07-02 00:00:00.0\t2\t999\t1\t1112.18\n13\t3080\t2001-07-13 00:00:00.0\t2\t999\t1\t1112.18\n13\t5575\t2001-07-13 00:00:00.0\t2\t999\t1\t1112.18\n13\t2002\t2001-07-17 00:00:00.0\t2\t999\t1\t1112.18\n13\t2810\t2001-07-17 00:00:00.0\t2\t999\t1\t1112.18\n13\t3075\t2001-07-17 00:00:00.0\t2\t999\t1\t1112.18\n13\t5535\t2001-07-17 00:00:00.0\t2\t999\t1\t1112.18\n13\t1903\t2001-07-20 00:00:00.0\t2\t999\t1\t1112.18\n13\t2540\t2001-07-20 00:00:00.0\t2\t999\t1\t1112.18\n13\t3443\t2001-07-20 00:00:00.0\t2\t999\t1\t1112.18\n13\t7667\t2001-07-20 00:00:00.0\t2\t999\t1\t1112.18\n13\t10291\t2001-07-20 00:00:00.0\t2\t999\t1\t1112.18\n13\t32855\t2001-07-20 00:00:00.0\t2\t999\t1\t1112.18\n13\t38011\t2001-07-20 00:00:00.0\t2\t999\t1\t1112.18\n13\t882\t2001-07-23 00:00:00.0\t2\t999\t1\t1112.18\n13\t1463\t2001-07-23 00:00:00.0\t2\t999\t1\t1112.18\n13\t3312\t2001-07-23 00:00:00.0\t2\t999\t1\t1112.18\n13\t6067\t2001-07-23 00:00:00.0\t2\t999\t1\t1112.18\n13\t9279\t2001-07-23 00:00:00.0\t2\t999\t1\t1112.18\n13\t10882\t2001-07-23 00:00:00.0\t2\t999\t1\t1112.18\n13\t2803\t2001-07-30 00:00:00.0\t2\t999\t1\t1112.18\n13\t3742\t2001-07-30 00:00:00.0\t2\t999\t1\t1112.18\n13\t4190\t2001-07-30 00:00:00.0\t2\t999\t1\t1112.18\n13\t4750\t2001-07-30 00:00:00.0\t2\t999\t1\t1112.18\n13\t6040\t2001-07-30 00:00:00.0\t2\t999\t1\t1112.18\n13\t6507\t2001-07-30 00:00:00.0\t2\t999\t1\t1112.18\n13\t18322\t2001-07-30 00:00:00.0\t2\t999\t1\t1112.18\n13\t751\t2001-08-02 00:00:00.0\t2\t999\t1\t1110.86\n13\t1892\t2001-08-02 00:00:00.0\t2\t999\t1\t1110.86\n13\t3735\t2001-08-02 00:00:00.0\t2\t999\t1\t1110.86\n13\t4693\t2001-08-02 00:00:00.0\t2\t999\t1\t1110.86\n13\t4713\t2001-08-02 00:00:00.0\t2\t999\t1\t1110.86\n13\t5770\t2001-08-02 00:00:00.0\t2\t999\t1\t1110.86\n13\t5772\t2001-08-02 00:00:00.0\t2\t999\t1\t1110.86\n13\t7982\t2001-08-02 00:00:00.0\t2\t999\t1\t1110.86\n13\t10715\t2001-08-02 00:00:00.0\t2\t999\t1\t1110.86\n13\t10739\t2001-08-02 00:00:00.0\t2\t999\t1\t1110.86\n13\t2127\t2001-08-10 00:00:00.0\t2\t999\t1\t1110.86\n13\t2312\t2001-08-10 00:00:00.0\t2\t999\t1\t1110.86\n13\t5902\t2001-08-10 00:00:00.0\t2\t999\t1\t1110.86\n13\t12655\t2001-08-10 00:00:00.0\t2\t999\t1\t1110.86\n13\t1072\t2001-08-13 00:00:00.0\t2\t999\t1\t1110.86\n13\t5530\t2001-08-13 00:00:00.0\t2\t999\t1\t1110.86\n13\t6760\t2001-08-13 00:00:00.0\t2\t999\t1\t1110.86\n13\t10392\t2001-08-13 00:00:00.0\t2\t999\t1\t1110.86\n13\t11952\t2001-08-13 00:00:00.0\t2\t999\t1\t1110.86\n13\t19522\t2001-08-13 00:00:00.0\t2\t999\t1\t1110.86\n13\t2512\t2001-08-17 00:00:00.0\t2\t999\t1\t1110.86\n13\t5535\t2001-08-17 00:00:00.0\t2\t999\t1\t1110.86\n13\t6135\t2001-08-17 00:00:00.0\t2\t999\t1\t1110.86\n13\t6452\t2001-08-17 00:00:00.0\t2\t999\t1\t1110.86\n13\t6507\t2001-08-17 00:00:00.0\t2\t999\t1\t1110.86\n13\t10090\t2001-08-17 00:00:00.0\t2\t999\t1\t1110.86\n13\t18322\t2001-08-17 00:00:00.0\t2\t999\t1\t1110.86\n13\t943\t2001-08-20 00:00:00.0\t2\t999\t1\t1110.86\n13\t1903\t2001-08-20 00:00:00.0\t2\t999\t1\t1110.86\n13\t2540\t2001-08-20 00:00:00.0\t2\t999\t1\t1110.86\n13\t2642\t2001-08-20 00:00:00.0\t2\t999\t1\t1110.86\n13\t3030\t2001-08-20 00:00:00.0\t2\t999\t1\t1110.86\n13\t3232\t2001-08-20 00:00:00.0\t2\t999\t1\t1110.86\n13\t4233\t2001-08-20 00:00:00.0\t2\t999\t1\t1110.86\n13\t7667\t2001-08-20 00:00:00.0\t2\t999\t1\t1110.86\n13\t32855\t2001-08-20 00:00:00.0\t2\t999\t1\t1110.86\n13\t13983\t2001-08-23 00:00:00.0\t2\t999\t1\t1110.86\n13\t14822\t2001-08-23 00:00:00.0\t2\t999\t1\t1110.86\n13\t373\t2001-08-27 00:00:00.0\t2\t999\t1\t1110.86\n13\t1172\t2001-08-28 00:00:00.0\t2\t999\t1\t1110.86\n13\t1335\t2001-08-28 00:00:00.0\t2\t999\t1\t1110.86\n13\t1530\t2001-08-28 00:00:00.0\t2\t999\t1\t1110.86\n13\t3463\t2001-08-28 00:00:00.0\t2\t999\t1\t1110.86\n13\t7090\t2001-08-28 00:00:00.0\t2\t999\t1\t1110.86\n13\t9491\t2001-08-28 00:00:00.0\t2\t999\t1\t1110.86\n13\t11800\t2001-08-28 00:00:00.0\t2\t999\t1\t1110.86\n13\t28700\t2001-08-28 00:00:00.0\t2\t999\t1\t1110.86\n13\t10742\t2001-08-28 00:00:00.0\t2\t999\t1\t1110.86\n13\t12147\t2001-08-28 00:00:00.0\t2\t999\t1\t1110.86\n13\t10713\t2001-09-02 00:00:00.0\t2\t999\t1\t1101.48\n13\t1892\t2001-09-03 00:00:00.0\t2\t999\t1\t1101.48\n13\t4713\t2001-09-03 00:00:00.0\t2\t999\t1\t1101.48\n13\t6453\t2001-09-17 00:00:00.0\t2\t999\t1\t1101.48\n13\t1490\t2001-09-19 00:00:00.0\t2\t999\t1\t1101.48\n13\t1903\t2001-09-19 00:00:00.0\t2\t999\t1\t1101.48\n13\t2642\t2001-09-19 00:00:00.0\t2\t999\t1\t1101.48\n13\t3030\t2001-09-19 00:00:00.0\t2\t999\t1\t1101.48\n13\t7667\t2001-09-19 00:00:00.0\t2\t999\t1\t1101.48\n13\t14233\t2001-09-19 00:00:00.0\t2\t999\t1\t1101.48\n13\t32855\t2001-09-19 00:00:00.0\t2\t999\t1\t1101.48\n13\t2393\t2001-09-20 00:00:00.0\t2\t999\t1\t1101.48\n"}]},"jobName":"paragraph_1539883532324_163610725","id":"20181018-172532_1783592933","dateCreated":"2018-02-04T23:30:09+0000","dateStarted":"2018-10-18T18:08:45+0000","dateFinished":"2018-10-18T18:08:45+0000","status":"FINISHED","progressUpdateIntervalMs":500,"commited":true,"$$hashKey":"object:39307"},{"title":"Display the product names for each PROD_ID","text":"%sql\nSELECT * from SH.PRODUCTS;","user":"CHARLIE","dateUpdated":"2018-10-18T18:06:56+0000","config":{"colWidth":12,"editorMode":"ace/mode/osql","title":true,"graph":{"mode":"table","optionOpen":false,"keys":[{"name":"PROD_ID","index":0,"aggr":"sum"}],"values":[{"name":"PROD_NAME","index":1,"aggr":"sum"}],"scatter":{"yAxis":{"name":"PROD_NAME","index":1,"aggr":"sum"},"xAxis":{"name":"PROD_ID","index":0,"aggr":"sum"}},"groups":[],"height":300},"enabled":true,"results":{},"editorSetting":{"language":"sql","editOnDblClick":false}},"settings":{"params":{},"forms":{}},"results":{"code":"SUCCESS","msg":[{"type":"TABLE","data":"PROD_ID\tPROD_NAME\tPROD_DESC\tPROD_SUBCATEGORY\tPROD_SUBCATEGORY_ID\tPROD_SUBCATEGORY_DESC\tPROD_CATEGORY\tPROD_CATEGORY_ID\tPROD_CATEGORY_DESC\tPROD_WEIGHT_CLASS\tPROD_UNIT_OF_MEASURE\tPROD_PACK_SIZE\tSUPPLIER_ID\tPROD_STATUS\tPROD_LIST_PRICE\tPROD_MIN_PRICE\tPROD_TOTAL\tPROD_TOTAL_ID\tPROD_SRC_ID\tPROD_EFF_FROM\tPROD_EFF_TO\tPROD_VALID\n13\t5MP Telephoto Digital Camera\t5MP Telephoto Digital Camera\tCameras\t2044\tCameras\tPhoto\t204\tPhoto\t1\tU\tP\t1\tSTATUS\t899.99\t899.99\tTOTAL\t1\t\t1998-01-01 00:00:00.0\t\tA\n14\t17\" LCD w/built-in HDTV Tuner\t17\" LCD w/built-in HDTV Tuner\tMonitors\t2035\tMonitors\tPeripherals and Accessories\t203\tPeripherals and Accessories\t1\tU\tP\t1\tSTATUS\t999.99\t999.99\tTOTAL\t1\t\t1998-01-01 00:00:00.0\t\tA\n15\tEnvoy 256MB - 40GB\tEnvoy 256MB - 40Gb\tDesktop PCs\t2021\tDesktop PCs\tHardware\t202\tHardware\t1\tU\tP\t1\tSTATUS\t999.99\t999.99\tTOTAL\t1\t\t1998-01-01 00:00:00.0\t\tA\n16\tY Box\tY Box\tGame Consoles\t2011\tGame Consoles\tElectronics\t201\tElectronics\t1\tU\tP\t1\tSTATUS\t299.99\t299.99\tTOTAL\t1\t\t1998-01-01 00:00:00.0\t\tA\n17\tMini DV Camcorder with 3.5\" Swivel LCD\tMini DV Camcorder with 3.5\" Swivel LCD\tCamcorders\t2041\tCamcorders\tPhoto\t204\tPhoto\t1\tU\tP\t1\tSTATUS\t1099.99\t1099.99\tTOTAL\t1\t\t1998-01-01 00:00:00.0\t\tA\n18\tEnvoy Ambassador\tEnvoy Ambassador\tPortable PCs\t2022\tPortable PCs\tHardware\t202\tHardware\t1\tU\tP\t1\tSTATUS\t1299.99\t1299.99\tTOTAL\t1\t\t1998-01-01 00:00:00.0\t\tA\n19\tLaptop carrying case\tLaptop carrying case\tAccessories\t2051\tAccessories\tSoftware/Other\t205\tSoftware/Other\t1\tU\tP\t1\tSTATUS\t55.99\t55.99\tTOTAL\t1\t\t1998-01-01 00:00:00.0\t\tA\n20\tHome Theatre Package with DVD-Audio/Video Play\tHome Theatre Package with DVD-Audio/Video Play\tHome Audio\t2012\tHome Audio\tElectronics\t201\tElectronics\t1\tU\tP\t1\tSTATUS\t599.99\t599.99\tTOTAL\t1\t\t1998-01-01 00:00:00.0\t\tA\n21\t18\" Flat Panel Graphics Monitor\t18\" Flat Panel Graphics Monitor\tMonitors\t2035\tMonitors\tPeripherals and Accessories\t203\tPeripherals and Accessories\t1\tU\tP\t1\tSTATUS\t899.99\t899.99\tTOTAL\t1\t\t1998-01-01 00:00:00.0\t\tA\n22\tEnvoy External Keyboard\tEnvoy External Keyboard\tAccessories\t2031\tAccessories\tPeripherals and Accessories\t203\tPeripherals and Accessories\t1\tU\tP\t1\tSTATUS\t24.99\t24.99\tTOTAL\t1\t\t1998-01-01 00:00:00.0\t\tA\n23\tExternal 101-key keyboard\tExternal 101-key keyboard\tAccessories\t2051\tAccessories\tSoftware/Other\t205\tSoftware/Other\t1\tU\tP\t1\tSTATUS\t21.99\t21.99\tTOTAL\t1\t\t1998-01-01 00:00:00.0\t\tA\n24\tPCMCIA modem/fax 28800 baud\tPCMCIA modem/fax 28800 baud\tModems/Fax\t2034\tModems/Fax\tPeripherals and Accessories\t203\tPeripherals and Accessories\t1\tU\tP\t1\tSTATUS\t45.99\t45.99\tTOTAL\t1\t\t1998-01-01 00:00:00.0\t\tA\n25\tSIMM- 8MB PCMCIAII card\tSIMM- 8MB PCMCIAII card\tMemory\t2033\tMemory\tPeripherals and Accessories\t203\tPeripherals and Accessories\t1\tU\tP\t1\tSTATUS\t112.99\t112.99\tTOTAL\t1\t\t1998-01-01 00:00:00.0\t\tA\n26\tSIMM- 16MB PCMCIAII card\tSIMM- 16MB PCMCIAII card\tMemory\t2033\tMemory\tPeripherals and Accessories\t203\tPeripherals and Accessories\t1\tU\tP\t1\tSTATUS\t149.99\t149.99\tTOTAL\t1\t\t1998-01-01 00:00:00.0\t\tA\n27\tMultimedia speakers- 3\" cones\tMultimedia speakers- 3\" cones\tAccessories\t2031\tAccessories\tPeripherals and Accessories\t203\tPeripherals and Accessories\t1\tU\tP\t1\tSTATUS\t44.99\t44.99\tTOTAL\t1\t\t1998-01-01 00:00:00.0\t\tA\n28\tUnix/Windows 1-user pack\tUnix/Windows 1-user pack\tOperating Systems\t2052\tOperating Systems\tSoftware/Other\t205\tSoftware/Other\t1\tU\tP\t1\tSTATUS\t199.99\t199.99\tTOTAL\t1\t\t1998-01-01 00:00:00.0\t\tA\n29\t8.3 Minitower Speaker\t8.3 Minitower Speaker\tHome Audio\t2012\tHome Audio\tElectronics\t201\tElectronics\t1\tU\tP\t1\tSTATUS\t499.99\t499.99\tTOTAL\t1\t\t1998-01-01 00:00:00.0\t\tA\n30\tMouse Pad\tMouse Pad\tAccessories\t2051\tAccessories\tSoftware/Other\t205\tSoftware/Other\t1\tU\tP\t1\tSTATUS\t9.99\t9.99\tTOTAL\t1\t\t1998-01-01 00:00:00.0\t\tA\n31\t1.44MB External 3.5\" Diskette\t1.44MB External 3.5\" Diskette\tAccessories\t2051\tAccessories\tSoftware/Other\t205\tSoftware/Other\t1\tU\tP\t1\tSTATUS\t8.99\t8.99\tTOTAL\t1\t\t1998-01-01 00:00:00.0\t\tA\n32\tMultimedia speakers- 5\" cones\tMultimedia speakers- 5\" cones\tAccessories\t2031\tAccessories\tPeripherals and Accessories\t203\tPeripherals and Accessories\t1\tU\tP\t1\tSTATUS\t67.99\t67.99\tTOTAL\t1\t\t1998-01-01 00:00:00.0\t\tA\n33\tPCMCIA modem/fax 19200 baud\tPCMCIA modem/fax 19200 baud\tModems/Fax\t2034\tModems/Fax\tPeripherals and Accessories\t203\tPeripherals and Accessories\t1\tU\tP\t1\tSTATUS\t44.99\t44.99\tTOTAL\t1\t\t1998-01-01 00:00:00.0\t\tA\n34\tExternal 6X CD-ROM\tExternal 6X CD-ROM\tCD-ROM\t2032\tCD-ROM\tPeripherals and Accessories\t203\tPeripherals and Accessories\t1\tU\tP\t1\tSTATUS\t39.99\t39.99\tTOTAL\t1\t\t1998-01-01 00:00:00.0\t\tA\n35\tExternal 8X CD-ROM\tExternal 8X CD-ROM\tCD-ROM\t2032\tCD-ROM\tPeripherals and Accessories\t203\tPeripherals and Accessories\t1\tU\tP\t1\tSTATUS\t49.99\t49.99\tTOTAL\t1\t\t1998-01-01 00:00:00.0\t\tA\n36\tEnvoy External 6X CD-ROM\tEnvoy External 6X CD-ROM\tCD-ROM\t2032\tCD-ROM\tPeripherals and Accessories\t203\tPeripherals and Accessories\t1\tU\tP\t1\tSTATUS\t44.99\t44.99\tTOTAL\t1\t\t1998-01-01 00:00:00.0\t\tA\n37\tEnvoy External 8X CD-ROM\tEnvoy External 8X CD-ROM\tCD-ROM\t2032\tCD-ROM\tPeripherals and Accessories\t203\tPeripherals and Accessories\t1\tU\tP\t1\tSTATUS\t54.99\t54.99\tTOTAL\t1\t\t1998-01-01 00:00:00.0\t\tA\n38\tInternal 6X CD-ROM\tInternal 6X CD-ROM\tCD-ROM\t2032\tCD-ROM\tPeripherals and Accessories\t203\tPeripherals and Accessories\t1\tU\tP\t1\tSTATUS\t29.99\t29.99\tTOTAL\t1\t\t1998-01-01 00:00:00.0\t\tA\n39\tInternal 8X CD-ROM\tInternal 8X CD-ROM\tCD-ROM\t2032\tCD-ROM\tPeripherals and Accessories\t203\tPeripherals and Accessories\t1\tU\tP\t1\tSTATUS\t34.99\t34.99\tTOTAL\t1\t\t1998-01-01 00:00:00.0\t\tA\n40\tO/S Documentation Set - English\tO/S Documentation Set - English\tDocumentation\t2054\tDocumentation\tSoftware/Other\t205\tSoftware/Other\t1\tU\tP\t1\tSTATUS\t44.99\t44.99\tTOTAL\t1\t\t1998-01-01 00:00:00.0\t\tA\n41\tO/S Documentation Set - German\tO/S Documentation Set - German\tDocumentation\t2054\tDocumentation\tSoftware/Other\t205\tSoftware/Other\t1\tU\tP\t1\tSTATUS\t44.99\t44.99\tTOTAL\t1\t\t1998-01-01 00:00:00.0\t\tA\n42\tO/S Documentation Set - French\tO/S Documentation Set - French\tDocumentation\t2054\tDocumentation\tSoftware/Other\t205\tSoftware/Other\t1\tU\tP\t1\tSTATUS\t44.99\t44.99\tTOTAL\t1\t\t1998-01-01 00:00:00.0\t\tA\n43\tO/S Documentation Set - Spanish\tO/S Documentation Set - Spanish\tDocumentation\t2054\tDocumentation\tSoftware/Other\t205\tSoftware/Other\t1\tU\tP\t1\tSTATUS\t44.99\t44.99\tTOTAL\t1\t\t1998-01-01 00:00:00.0\t\tA\n44\tO/S Documentation Set - Italian\tO/S Documentation Set - Italian\tDocumentation\t2054\tDocumentation\tSoftware/Other\t205\tSoftware/Other\t1\tU\tP\t1\tSTATUS\t44.99\t44.99\tTOTAL\t1\t\t1998-01-01 00:00:00.0\t\tA\n45\tO/S Documentation Set - Kanji\tO/S Documentation Set - Kanji\tDocumentation\t2054\tDocumentation\tSoftware/Other\t205\tSoftware/Other\t1\tU\tP\t1\tSTATUS\t44.99\t44.99\tTOTAL\t1\t\t1998-01-01 00:00:00.0\t\tA\n46\tStandard Mouse\tStandard Mouse\tAccessories\t2031\tAccessories\tPeripherals and Accessories\t203\tPeripherals and Accessories\t1\tU\tP\t1\tSTATUS\t22.99\t22.99\tTOTAL\t1\t\t1998-01-01 00:00:00.0\t\tA\n47\tDeluxe Mouse\tDeluxe Mouse\tAccessories\t2031\tAccessories\tPeripherals and Accessories\t203\tPeripherals and Accessories\t1\tU\tP\t1\tSTATUS\t28.99\t28.99\tTOTAL\t1\t\t1998-01-01 00:00:00.0\t\tA\n48\tKeyboard Wrist Rest\tKeyboard Wrist Rest\tAccessories\t2051\tAccessories\tSoftware/Other\t205\tSoftware/Other\t1\tU\tP\t1\tSTATUS\t11.99\t11.99\tTOTAL\t1\t\t1998-01-01 00:00:00.0\t\tA\n113\tCD-R Mini Discs\tCD-R Mini Discs with Jewel Case, 185MB, Pack of 5\tRecordable CDs\t2055\tRecordable CDs\tSoftware/Other\t205\tSoftware/Other\t1\tU\tP\t1\tSTATUS\t22.99\t22.99\tTOTAL\t1\t\t1998-01-01 00:00:00.0\t\tA\n114\tMusic CD-R\tMusic CD-R with Spindle, 700MB, Pack of 30\tRecordable CDs\t2055\tRecordable CDs\tSoftware/Other\t205\tSoftware/Other\t1\tU\tP\t1\tSTATUS\t18.99\t18.99\tTOTAL\t1\t\t1998-01-01 00:00:00.0\t\tA\n115\tCD-RW, High Speed, Pack of 10\tCD-RW, High Speed, Pack of 10\tRecordable CDs\t2055\tRecordable CDs\tSoftware/Other\t205\tSoftware/Other\t1\tU\tP\t1\tSTATUS\t8.99\t8.99\tTOTAL\t1\t\t1998-01-01 00:00:00.0\t\tA\n116\tCD-RW, High Speed Pack of 5\tCD-RW, High Speed 650MB/74 Minutes, Pack of 5\tRecordable CDs\t2055\tRecordable CDs\tSoftware/Other\t205\tSoftware/Other\t1\tU\tP\t1\tSTATUS\t11.99\t11.99\tTOTAL\t1\t\t1998-01-01 00:00:00.0\t\tA\n117\tCD-R, Professional Grade, Pack of 10\tCD-R, Professional Grade, Pack of 10\tRecordable CDs\t2055\tRecordable CDs\tSoftware/Other\t205\tSoftware/Other\t1\tU\tP\t1\tSTATUS\t8.99\t8.99\tTOTAL\t1\t\t1998-01-01 00:00:00.0\t\tA\n118\tOraMusic CD-R, Pack of 10\tOraMusic CD-R, Pack of 10\tRecordable CDs\t2055\tRecordable CDs\tSoftware/Other\t205\tSoftware/Other\t1\tU\tP\t1\tSTATUS\t7.99\t7.99\tTOTAL\t1\t\t1998-01-01 00:00:00.0\t\tA\n119\tCD-R with Jewel Cases, pACK OF 12\tCD-R with Jewel Cases, 700MB/80 Minutes, Pack of 12\tRecordable CDs\t2055\tRecordable CDs\tSoftware/Other\t205\tSoftware/Other\t1\tU\tP\t1\tSTATUS\t6.99\t6.99\tTOTAL\t1\t\t1998-01-01 00:00:00.0\t\tA\n120\tDVD-R Disc with Jewel Case, 4.7 GB\tDVD-R Disc with Jewel Case, 4.7 GB\tRecordable DVD Discs\t2056\tRecordable DVD Discs\tSoftware/Other\t205\tSoftware/Other\t1\tU\tP\t1\tSTATUS\t6.99\t6.99\tTOTAL\t1\t\t1998-01-01 00:00:00.0\t\tA\n121\tDVD-RAM Jewel Case, Double-Sided, 9.4G\tDVD-RAM Media, with Jewel Case, Double-Sided, 9.4GB\tRecordable DVD Discs\t2056\tRecordable DVD Discs\tSoftware/Other\t205\tSoftware/Other\t1\tU\tP\t1\tSTATUS\t10.99\t10.99\tTOTAL\t1\t\t1998-01-01 00:00:00.0\t\tA\n122\tDVD-R Discs, 4.7GB, Pack of 5\tDVD-R Discs, 4.7GB, Pack of 5\tRecordable DVD Discs\t2056\tRecordable DVD Discs\tSoftware/Other\t205\tSoftware/Other\t1\tU\tP\t1\tSTATUS\t18.99\t18.99\tTOTAL\t1\t\t1998-01-01 00:00:00.0\t\tA\n123\tDVD-R Discs, 4.7GB, Pack of 5\tDVD-R Discs, 4.7GB, Pack of 5\tRecordable DVD Discs\t2056\tRecordable DVD Discs\tSoftware/Other\t205\tSoftware/Other\t1\tU\tP\t1\tSTATUS\t49.99\t49.99\tTOTAL\t1\t\t1998-01-01 00:00:00.0\t\tA\n124\tDVD-RW Discs, 4.7GB, Pack of 3\tDVD-RW Discs, 4.7GB, Pack of 3\tRecordable DVD Discs\t2056\tRecordable DVD Discs\tSoftware/Other\t205\tSoftware/Other\t1\tU\tP\t1\tSTATUS\t18.99\t18.99\tTOTAL\t1\t\t1998-01-01 00:00:00.0\t\tA\n125\t3 1/2\" Bulk diskettes, Box of 50\t3 1/2\" Bulk diskettes, Box of 50\tBulk Pack Diskettes\t2053\tBulk Pack Diskettes\tSoftware/Other\t205\tSoftware/Other\t1\tU\tP\t1\tSTATUS\t15.99\t15.99\tTOTAL\t1\t\t1998-01-01 00:00:00.0\t\tA\n126\t3 1/2\" Bulk diskettes, Box of 100\t3 1/2\" Bulk diskettes, Box of 100\tBulk Pack Diskettes\t2053\tBulk Pack Diskettes\tSoftware/Other\t205\tSoftware/Other\t1\tU\tP\t1\tSTATUS\t28.99\t28.99\tTOTAL\t1\t\t1998-01-01 00:00:00.0\t\tA\n127\tModel CD13272 Tricolor Ink Cartridge\tModel CD13272 Tricolor Ink Cartridge\tPrinter Supplies\t2036\tPrinter Supplies\tPeripherals and Accessories\t203\tPeripherals and Accessories\t1\tU\tP\t1\tSTATUS\t36.99\t36.99\tTOTAL\t1\t\t1998-01-01 00:00:00.0\t\tA\n128\tModel SM26273 Black Ink Cartridge\tModel SM26273 Black Ink Cartridge\tPrinter Supplies\t2036\tPrinter Supplies\tPeripherals and Accessories\t203\tPeripherals and Accessories\t1\tU\tP\t1\tSTATUS\t27.99\t27.99\tTOTAL\t1\t\t1998-01-01 00:00:00.0\t\tA\n129\tModel NM500X High Yield Toner Cartridge\tModel NM500X High Yield Toner Cartridge\tPrinter Supplies\t2036\tPrinter Supplies\tPeripherals and Accessories\t203\tPeripherals and Accessories\t1\tU\tP\t1\tSTATUS\t192.99\t192.99\tTOTAL\t1\t\t1998-01-01 00:00:00.0\t\tA\n130\tModel A3827H Black Image Cartridge\tModel A3827H Black Image Cartridge\tPrinter Supplies\t2036\tPrinter Supplies\tPeripherals and Accessories\t203\tPeripherals and Accessories\t1\tU\tP\t1\tSTATUS\t89.99\t89.99\tTOTAL\t1\t\t1998-01-01 00:00:00.0\t\tA\n131\tModel K3822L Cordless Phone Battery\tModel K3822L Cordless Phone Battery\tCamera Batteries\t2042\tCamera Batteries\tPhoto\t204\tPhoto\t1\tU\tP\t1\tSTATUS\t18.99\t18.99\tTOTAL\t1\t\t1998-01-01 00:00:00.0\t\tA\n132\tModel C9827B Cordless Phone Battery\tModel C9827B Cordless Phone Battery\tCamera Batteries\t2042\tCamera Batteries\tPhoto\t204\tPhoto\t1\tU\tP\t1\tSTATUS\t24.99\t24.99\tTOTAL\t1\t\t1998-01-01 00:00:00.0\t\tA\n133\tModel K8822S Cordless Phone Battery\tModel K8822S Cordless Phone Battery\tCamera Batteries\t2042\tCamera Batteries\tPhoto\t204\tPhoto\t1\tU\tP\t1\tSTATUS\t30.99\t30.99\tTOTAL\t1\t\t1998-01-01 00:00:00.0\t\tA\n134\tModel C93822D Wireless Phone Battery\tModel C93822D Wireless Phone Battery\tCamera Batteries\t2042\tCamera Batteries\tPhoto\t204\tPhoto\t1\tU\tP\t1\tSTATUS\t20.99\t20.99\tTOTAL\t1\t\t1998-01-01 00:00:00.0\t\tA\n135\tS27273M Extended Use w/l Phone Batt.\tModel S27273M Extended Use Wireless Phone Battery\tCamera Batteries\t2042\tCamera Batteries\tPhoto\t204\tPhoto\t1\tU\tP\t1\tSTATUS\t49.99\t49.99\tTOTAL\t1\t\t1998-01-01 00:00:00.0\t\tA\n136\t64MB Memory Card\t64MB Memory Card\tCamera Media\t2043\tCamera Media\tPhoto\t204\tPhoto\t1\tU\tP\t1\tSTATUS\t32.99\t32.99\tTOTAL\t1\t\t1998-01-01 00:00:00.0\t\tA\n137\t128MB Memory Card\t128MB Memory Card\tCamera Media\t2043\tCamera Media\tPhoto\t204\tPhoto\t1\tU\tP\t1\tSTATUS\t52.99\t52.99\tTOTAL\t1\t\t1998-01-01 00:00:00.0\t\tA\n138\t256MB Memory Card\t256MB Memory Card\tCamera Media\t2043\tCamera Media\tPhoto\t204\tPhoto\t1\tU\tP\t1\tSTATUS\t69.99\t69.99\tTOTAL\t1\t\t1998-01-01 00:00:00.0\t\tA\n139\tBounce\tBounce\tY Box Games\t2014\tY Box Games\tElectronics\t201\tElectronics\t4\tU\tP\t1\tSTATUS\t19.99\t19.99\tTOTAL\t1\t\t1998-01-01 00:00:00.0\t\tA\n140\tEndurance Racing\tEndurance Racing\tY Box Games\t2014\tY Box Games\tElectronics\t201\tElectronics\t1\tU\tP\t1\tSTATUS\t29.99\t29.99\tTOTAL\t1\t\t1998-01-01 00:00:00.0\t\tA\n141\tSmash up Boxing\tSmash up Boxing\tY Box Games\t2014\tY Box Games\tElectronics\t201\tElectronics\t1\tU\tP\t1\tSTATUS\t29.99\t29.99\tTOTAL\t1\t\t1998-01-01 00:00:00.0\t\tA\n142\tMartial Arts Champions\tMartial Arts Champions\tY Box Games\t2014\tY Box Games\tElectronics\t201\tElectronics\t1\tU\tP\t1\tSTATUS\t19.99\t19.99\tTOTAL\t1\t\t1998-01-01 00:00:00.0\t\tA\n143\tComic Book Heroes\tComic Book Heroes\tY Box Games\t2014\tY Box Games\tElectronics\t201\tElectronics\t1\tU\tP\t1\tSTATUS\t19.99\t19.99\tTOTAL\t1\t\t1998-01-01 00:00:00.0\t\tA\n144\tFly Fishing\tFly Fishing\tY Box Games\t2014\tY Box Games\tElectronics\t201\tElectronics\t1\tU\tP\t1\tSTATUS\t7.99\t7.99\tTOTAL\t1\t\t1998-01-01 00:00:00.0\t\tA\n145\tFinding Fido\tFinding Fido\tY Box Games\t2014\tY Box Games\tElectronics\t201\tElectronics\t1\tU\tP\t1\tSTATUS\t12.99\t12.99\tTOTAL\t1\t\t1998-01-01 00:00:00.0\t\tA\n146\tAdventures with Numbers\tAdventures with Numbers\tY Box Games\t2014\tY Box Games\tElectronics\t201\tElectronics\t1\tU\tP\t1\tSTATUS\t11.99\t11.99\tTOTAL\t1\t\t1998-01-01 00:00:00.0\t\tA\n147\tExtension Cable\tExtension Cable\tY Box Accessories\t2013\tY Box Accessories\tElectronics\t201\tElectronics\t1\tU\tP\t1\tSTATUS\t7.99\t7.99\tTOTAL\t1\t\t1998-01-01 00:00:00.0\t\tA\n148\tXtend Memory\tXtend Memory\tY Box Accessories\t2013\tY Box Accessories\tElectronics\t201\tElectronics\t1\tU\tP\t1\tSTATUS\t20.99\t20.99\tTOTAL\t1\t\t1998-01-01 00:00:00.0\t\tA\n"}]},"jobName":"paragraph_1539883532324_1092452161","id":"20181018-172532_285171038","dateCreated":"2018-02-04T23:31:50+0000","dateStarted":"2018-10-18T18:06:57+0000","dateFinished":"2018-10-18T18:06:57+0000","status":"FINISHED","progressUpdateIntervalMs":500,"commited":true,"$$hashKey":"object:39308"},{"title":"Drop and clean up any previously existing Market Baskets view","text":"%script\nBEGIN\n      EXECUTE IMMEDIATE 'DROP View sales_trans_cust';\n  EXCEPTION\n      WHEN OTHERS THEN NULL;\nEND;","user":"CHARLIE","dateUpdated":"2018-10-18T18:10:06+0000","config":{"colWidth":12,"editorMode":"ace/mode/plsql","title":true,"graph":{"mode":"table","optionOpen":false,"keys":[],"values":[],"scatter":{},"groups":[],"height":300},"enabled":true,"results":{},"editorSetting":{"language":"plsql","editOnDblClick":false}},"settings":{"params":{},"forms":{}},"results":{"code":"SUCCESS","msg":[{"type":"TEXT","data":"\nPL/SQL procedure successfully completed.\n\n"}]},"jobName":"paragraph_1539883532324_-1436984088","id":"20181018-172532_1390678603","dateCreated":"2018-02-05T22:55:40+0000","dateStarted":"2018-10-18T18:10:06+0000","dateFinished":"2018-10-18T18:10:06+0000","status":"FINISHED","progressUpdateIntervalMs":500,"commited":true,"$$hashKey":"object:39309"},{"title":"Drop any previous AR Models for notebook repeatability","text":"%script \n\nDECLARE\nv_sql varchar2(100);\n\nBEGIN\nv_sql := 'CALL DBMS_DATA_MINING.DROP_MODEL(''AR_SH_SAMPLE'')';\nEXECUTE IMMEDIATE v_sql;\nDBMS_OUTPUT.PUT_LINE (v_sql ||': succeeded');\nEXCEPTION\nWHEN OTHERS THEN\nDBMS_OUTPUT.PUT_LINE (v_sql ||': drop unneccessary - no model exists');\nEND;\n","user":"CHARLIE","dateUpdated":"2018-10-18T18:10:19+0000","config":{"colWidth":12,"editorMode":"ace/mode/plsql","title":true,"graph":{"mode":"table","optionOpen":false,"keys":[],"values":[],"scatter":{},"groups":[],"height":300},"enabled":true,"results":{},"editorSetting":{"language":"plsql","editOnDblClick":false}},"settings":{"params":{},"forms":{}},"results":{"code":"SUCCESS","msg":[{"type":"TEXT","data":"CALL DBMS_DATA_MINING.DROP_MODEL('AR_SH_SAMPLE'): drop unneccessary - no model\nexists\n\n\nPL/SQL procedure successfully completed.\n\n"}]},"jobName":"paragraph_1539883532324_-528174539","id":"20181018-172532_303895986","dateCreated":"2018-02-06T16:44:12+0000","dateStarted":"2018-10-18T18:10:19+0000","dateFinished":"2018-10-18T18:10:19+0000","status":"FINISHED","progressUpdateIntervalMs":500,"commited":true,"$$hashKey":"object:39310"},{"title":"Assemble the Sales Transactional Data in Preparation for Market Basket Analysis","text":"%sql \nCREATE VIEW sales_trans_cust AS\nSELECT DISTINCT cust_id, prod_name, prod_category\nFROM (SELECT a.cust_id, b.prod_name, b.prod_category\n        FROM SH.sales a, SH.products b\n       WHERE a.prod_id = b.prod_id AND\n             a.cust_id between 100001 AND 104500);","user":"CHARLIE","dateUpdated":"2018-10-18T18:11:03+0000","config":{"colWidth":12,"editorMode":"ace/mode/osql","title":true,"graph":{"mode":"table","optionOpen":false,"keys":[],"values":[],"scatter":{},"groups":[],"height":300},"enabled":true,"results":{},"editorSetting":{"language":"sql","editOnDblClick":false}},"settings":{"params":{},"forms":{}},"results":{"code":"SUCCESS","msg":[{"type":"TEXT","data":"Updated 0 row(s)."}]},"jobName":"paragraph_1539883532324_-1057582681","id":"20181018-172532_66889803","dateCreated":"2018-02-04T23:32:12+0000","dateStarted":"2018-10-18T18:11:03+0000","dateFinished":"2018-10-18T18:11:03+0000","status":"FINISHED","progressUpdateIntervalMs":500,"commited":true,"$$hashKey":"object:39311"},{"title":"Drop and clean up any previously existing view Associations Model Settings table for notebook repeatability","text":"%script\nBEGIN\n      EXECUTE IMMEDIATE 'DROP Table ar_sh_sample_settings';\n  EXCEPTION\n      WHEN OTHERS THEN NULL;\n  END;","user":"CHARLIE","dateUpdated":"2018-10-18T18:11:19+0000","config":{"colWidth":12,"editorMode":"ace/mode/plsql","title":true,"graph":{"mode":"table","optionOpen":false,"keys":[],"values":[],"scatter":{},"groups":[],"height":300},"enabled":true,"results":{},"editorSetting":{"language":"plsql","editOnDblClick":false}},"settings":{"params":{},"forms":{}},"results":{"code":"SUCCESS","msg":[{"type":"TEXT","data":"\nPL/SQL procedure successfully completed.\n\n"}]},"jobName":"paragraph_1539883532324_985048381","id":"20181018-172532_1761804487","dateCreated":"2018-02-05T22:56:58+0000","dateStarted":"2018-10-18T18:11:19+0000","dateFinished":"2018-10-18T18:11:19+0000","status":"FINISHED","progressUpdateIntervalMs":500,"commited":true,"$$hashKey":"object:39312"},{"title":"Create an Associations Model Settings table","text":"%sql\nCREATE TABLE ar_sh_sample_settings (\n  setting_name  VARCHAR2(30),\n  setting_value VARCHAR2(4000));","user":"CHARLIE","dateUpdated":"2018-10-18T18:11:30+0000","config":{"colWidth":12,"editorMode":"ace/mode/osql","title":true,"graph":{"mode":"table","optionOpen":false,"keys":[],"values":[],"scatter":{},"groups":[],"height":300},"enabled":true,"results":{},"editorSetting":{"language":"sql","editOnDblClick":false}},"settings":{"params":{},"forms":{}},"results":{"code":"SUCCESS","msg":[{"type":"TEXT","data":"Updated 0 row(s)."}]},"jobName":"paragraph_1539883532324_-1294103656","id":"20181018-172532_461844966","dateCreated":"2018-02-05T22:52:42+0000","dateStarted":"2018-10-18T18:11:30+0000","dateFinished":"2018-10-18T18:11:30+0000","status":"FINISHED","progressUpdateIntervalMs":500,"commited":true,"$$hashKey":"object:39313"},{"title":"Define the Association Rule Model Settings","text":"%script\nBEGIN       \n  INSERT INTO ar_sh_sample_settings VALUES\n  (dbms_data_mining.asso_min_support,0.1);\n  INSERT INTO ar_sh_sample_settings VALUES\n  (dbms_data_mining.asso_min_confidence,0.1);\n  INSERT INTO ar_sh_sample_settings VALUES\n  (dbms_data_mining.asso_max_rule_length,3);\n  INSERT INTO ar_sh_sample_settings VALUES\n  (dbms_data_mining.odms_item_id_column_name, 'PROD_NAME');\n  COMMIT;\nEND;","user":"CHARLIE","dateUpdated":"2018-10-18T18:11:42+0000","config":{"colWidth":12,"editorMode":"ace/mode/plsql","title":true,"graph":{"mode":"table","optionOpen":false,"keys":[],"values":[],"scatter":{},"groups":[],"height":300},"enabled":true,"results":{},"editorSetting":{"language":"plsql","editOnDblClick":false}},"settings":{"params":{},"forms":{}},"results":{"code":"SUCCESS","msg":[{"type":"TEXT","data":"\nPL/SQL procedure successfully completed.\n\n"}]},"jobName":"paragraph_1539883532324_-1513913047","id":"20181018-172532_1632442273","dateCreated":"2018-02-05T23:04:01+0000","dateStarted":"2018-10-18T18:11:42+0000","dateFinished":"2018-10-18T18:11:42+0000","status":"FINISHED","progressUpdateIntervalMs":500,"commited":true,"$$hashKey":"object:39314"},{"title":"Display AR Model Settings table","text":"%sql\nSELECT * FROM ar_sh_sample_settings;","user":"CHARLIE","dateUpdated":"2018-10-18T18:11:55+0000","config":{"colWidth":12,"editorMode":"ace/mode/osql","title":true,"graph":{"mode":"table","optionOpen":false,"keys":[{"name":"SETTING_NAME","index":0,"aggr":"sum"}],"values":[{"name":"SETTING_VALUE","index":1,"aggr":"sum"}],"scatter":{"yAxis":{"name":"SETTING_VALUE","index":1,"aggr":"sum"},"xAxis":{"name":"SETTING_NAME","index":0,"aggr":"sum"}},"groups":[],"height":174.5},"enabled":true,"results":{},"editorSetting":{"language":"sql","editOnDblClick":false}},"settings":{"params":{},"forms":{}},"results":{"code":"SUCCESS","msg":[{"type":"TABLE","data":"SETTING_NAME\tSETTING_VALUE\nASSO_MIN_SUPPORT\t.1\nASSO_MIN_CONFIDENCE\t.1\nASSO_MAX_RULE_LENGTH\t3\nODMS_ITEM_ID_COLUMN_NAME\tPROD_NAME\n"}]},"jobName":"paragraph_1539883532324_-563686812","id":"20181018-172532_127223091","dateCreated":"2018-02-06T16:23:36+0000","dateStarted":"2018-10-18T18:11:55+0000","dateFinished":"2018-10-18T18:11:55+0000","status":"FINISHED","progressUpdateIntervalMs":500,"commited":true,"$$hashKey":"object:39315"},{"title":"Build the Association Rules Model for Market Basket Analysis using Sales history transactional data","text":"%script\nBEGIN\n  DBMS_DATA_MINING.CREATE_MODEL(\n    model_name          => 'AR_SH_SAMPLE',\n    mining_function     => DBMS_DATA_MINING.ASSOCIATION,\n    data_table_name     => 'sales_trans_cust',\n    case_id_column_name => 'cust_id',\n    settings_table_name => 'ar_sh_sample_settings'\n    );\nEND;","user":"CHARLIE","dateUpdated":"2018-10-18T18:12:07+0000","config":{"colWidth":12,"editorMode":"ace/mode/plsql","title":true,"graph":{"mode":"table","optionOpen":false,"keys":[],"values":[],"scatter":{},"groups":[],"height":300},"enabled":true,"results":{},"editorSetting":{"language":"plsql","editOnDblClick":false}},"settings":{"params":{},"forms":{}},"results":{"code":"SUCCESS","msg":[{"type":"TEXT","data":"\nPL/SQL procedure successfully completed.\n\n"}]},"jobName":"paragraph_1539883532324_-1843702747","id":"20181018-172532_1994483774","dateCreated":"2018-02-05T22:54:38+0000","dateStarted":"2018-10-18T18:12:07+0000","dateFinished":"2018-10-18T18:12:08+0000","status":"FINISHED","progressUpdateIntervalMs":500,"commited":true,"$$hashKey":"object:39316"},{"title":"Display Associations Rules Model Settings","text":"%sql\nSELECT setting_name, setting_value\n  FROM user_mining_model_settings\n WHERE model_name = 'AR_SH_SAMPLE'\nORDER BY setting_name;","user":"CHARLIE","dateUpdated":"2018-10-18T18:12:24+0000","config":{"colWidth":12,"editorMode":"ace/mode/osql","title":true,"graph":{"mode":"table","optionOpen":false,"keys":[{"name":"SETTING_NAME","index":0,"aggr":"sum"}],"values":[{"name":"SETTING_VALUE","index":1,"aggr":"sum"}],"scatter":{"yAxis":{"name":"SETTING_VALUE","index":1,"aggr":"sum"},"xAxis":{"name":"SETTING_NAME","index":0,"aggr":"sum"}},"groups":[],"height":104},"enabled":true,"results":{},"editorSetting":{"language":"sql","editOnDblClick":false}},"settings":{"params":{},"forms":{}},"results":{"code":"SUCCESS","msg":[{"type":"TABLE","data":"SETTING_NAME\tSETTING_VALUE\nASSO_MAX_RULE_LENGTH\t3\nASSO_MIN_CONFIDENCE\t.1\nASSO_MIN_REV_CONFIDENCE\t0\nASSO_MIN_SUPPORT\t.1\nASSO_MIN_SUPPORT_INT\t1\nODMS_ITEM_ID_COLUMN_NAME\tPROD_NAME\nODMS_MISSING_VALUE_TREATMENT\tODMS_MISSING_VALUE_AUTO\nODMS_SAMPLING\tODMS_SAMPLING_DISABLE\nPREP_AUTO\tOFF\n"}]},"jobName":"paragraph_1539883532324_495404186","id":"20181018-172532_1414233861","dateCreated":"2018-02-05T23:02:57+0000","dateStarted":"2018-10-18T18:12:24+0000","dateFinished":"2018-10-18T18:12:24+0000","status":"FINISHED","progressUpdateIntervalMs":500,"commited":true,"$$hashKey":"object:39317"},{"title":"Display Top 10 Frequent Itemsets","text":"%sql \nSELECT item, support, number_of_items\n  FROM (SELECT I.attribute_subname AS item,\n               F.support,\n               F.number_of_items\n          FROM TABLE(DBMS_DATA_MINING.GET_FREQUENT_ITEMSETS(\n                       'AR_SH_SAMPLE',\n                       10)) F,\n               TABLE(F.items) I\n        ORDER BY number_of_items, support, item);\n","user":"CHARLIE","dateUpdated":"2018-10-18T18:12:45+0000","config":{"colWidth":12,"title":true,"graph":{"mode":"table","optionOpen":false,"keys":[],"values":[],"scatter":{},"groups":[],"height":300},"enabled":true,"results":{},"editorSetting":{"language":"sql","editOnDblClick":false},"editorMode":"ace/mode/osql"},"settings":{"params":{},"forms":{}},"results":{"code":"SUCCESS","msg":[{"type":"TABLE","data":"ITEM\tSUPPORT\tNUMBER_OF_ITEMS\nO/S Documentation Set - English\t0.19468085106382979\t1\nMultimedia speakers- 3\" cones\t0.19574468085106383\t1\nModel SM26273 Black Ink Cartridge\t0.21702127659574469\t1\nCD-RW, High Speed Pack of 5\t0.29255319148936171\t1\nExternal 8X CD-ROM\t0.30531914893617024\t1\n18\" Flat Panel Graphics Monitor\t0.31063829787234043\t1\nExtension Cable\t0.31170212765957445\t1\nSIMM- 16MB PCMCIAII card\t0.31808510638297871\t1\nStandard Mouse\t0.32127659574468087\t1\nMouse Pad\t0.32234042553191489\t1\n"}]},"jobName":"paragraph_1539883532324_1537709038","id":"20181018-172532_1563597362","dateCreated":"2018-02-05T23:07:52+0000","dateStarted":"2018-10-18T18:12:45+0000","dateFinished":"2018-10-18T18:12:45+0000","status":"FINISHED","progressUpdateIntervalMs":500,"commited":true,"$$hashKey":"object:39318"},{"title":"Display Top 10 Association Rules","text":"%sql \nSELECT a.attribute_subname antecedent,\n       c.attribute_subname consequent,\n       rule_support supp,\n       rule_confidence conf,\n       row_number() over (partition by rule_id order by a.attribute_subname) piece\n  FROM TABLE(DBMS_DATA_MINING.GET_ASSOCIATION_RULES('AR_SH_SAMPLE', 10)) T,\n       TABLE(T.consequent) C,\n       TABLE(T.antecedent) A\n ORDER BY conf DESC, supp DESC, piece;","user":"CHARLIE","dateUpdated":"2018-10-18T18:13:09+0000","config":{"colWidth":12,"title":true,"graph":{"mode":"table","optionOpen":false,"keys":[],"values":[],"scatter":{},"groups":[],"height":300},"enabled":true,"results":{},"editorSetting":{"language":"sql","editOnDblClick":false},"editorMode":"ace/mode/osql"},"settings":{"params":{},"forms":{}},"results":{"code":"SUCCESS","msg":[{"type":"TABLE","data":"ANTECEDENT\tCONSEQUENT\tSUPP\tCONF\tPIECE\nExtension Cable\tStandard Mouse\t0.15531914893617021\t0.87425149700598803\t1\nMouse Pad\tStandard Mouse\t0.15531914893617021\t0.87425149700598803\t2\nExtension Cable\tMouse Pad\t0.15531914893617021\t0.85882352941176465\t1\nStandard Mouse\tMouse Pad\t0.15531914893617021\t0.85882352941176465\t2\nMouse Pad\tExtension Cable\t0.15531914893617021\t0.84393063583815031\t1\nStandard Mouse\tExtension Cable\t0.15531914893617021\t0.84393063583815031\t2\nExtension Cable\tStandard Mouse\t0.18085106382978725\t0.58020477815699656\t1\nStandard Mouse\tMouse Pad\t0.18404255319148935\t0.57284768211920534\t1\nMouse Pad\tStandard Mouse\t0.18404255319148935\t0.57095709570957098\t1\nExtension Cable\tMouse Pad\t0.17765957446808511\t0.56996587030716728\t1\nStandard Mouse\tExtension Cable\t0.18085106382978725\t0.5629139072847682\t1\nMouse Pad\tExtension Cable\t0.17765957446808511\t0.55115511551155116\t1\nCD-RW, High Speed Pack of 5\tExternal 8X CD-ROM\t0.15319148936170213\t0.52363636363636368\t1\n"}]},"jobName":"paragraph_1539883532324_60813707","id":"20181018-172532_1889788026","dateCreated":"2018-02-05T23:09:14+0000","dateStarted":"2018-10-18T18:13:09+0000","dateFinished":"2018-10-18T18:13:09+0000","status":"FINISHED","progressUpdateIntervalMs":500,"commited":true,"$$hashKey":"object:39319"},{"title":"Display Top 10 Association Rules using Model Views","text":"%sql \nselect * from\n(\nSELECT antecedent_predicate antecedent,\n       consequent_predicate consequent,\n       rule_support supp, rule_confidence conf, number_of_items num\nfrom DM$VAAR_SH_SAMPLE\nORDER BY rule_confidence DESC, rule_support DESC)\nWHERE  ROWNUM <=10 \norder by antecedent, consequent;","user":"CHARLIE","dateUpdated":"2018-10-18T18:13:27+0000","config":{"colWidth":12,"graph":{"mode":"table","height":300,"optionOpen":true,"keys":[],"values":[],"groups":[],"scatter":{"xAxis":{"name":"ANTECEDENT","index":0,"aggr":"sum"},"yAxis":{"name":"CONSEQUENT","index":1,"aggr":"sum"}}},"enabled":true,"editorMode":"ace/mode/osql","title":true,"results":{},"editorSetting":{"language":"sql","editOnDblClick":false}},"settings":{"params":{},"forms":{}},"jobName":"paragraph_1539883532324_-1280029364","id":"20181018-172532_234800840","dateCreated":"2018-02-06T22:01:48+0000","dateStarted":"2018-10-18T18:13:27+0000","dateFinished":"2018-10-18T18:13:27+0000","status":"FINISHED","progressUpdateIntervalMs":500,"commited":true,"$$hashKey":"object:39320","results":{"code":"SUCCESS","msg":[{"type":"TABLE","data":"ANTECEDENT\tCONSEQUENT\tSUPP\tCONF\tNUM\nExtension Cable\tMouse Pad\t0.15531914893617021\t0.85882352941176465\t3\nExtension Cable\tMouse Pad\t0.17765957446808511\t0.56996587030716728\t2\nExtension Cable\tStandard Mouse\t0.15531914893617021\t0.87425149700598803\t3\nExtension Cable\tStandard Mouse\t0.18085106382978725\t0.58020477815699656\t2\nMouse Pad\tExtension Cable\t0.15531914893617021\t0.84393063583815031\t3\nMouse Pad\tStandard Mouse\t0.15531914893617021\t0.87425149700598803\t3\nMouse Pad\tStandard Mouse\t0.18404255319148935\t0.57095709570957098\t2\nStandard Mouse\tExtension Cable\t0.15531914893617021\t0.84393063583815031\t3\nStandard Mouse\tMouse Pad\t0.18404255319148935\t0.57284768211920534\t2\nStandard Mouse\tMouse Pad\t0.15531914893617021\t0.85882352941176465\t3\n"}]}},{"text":"%sql ","user":"CHARLIE","dateUpdated":"2018-10-18T18:07:01+0000","config":{"colWidth":12,"graph":{"mode":"table","optionOpen":false,"keys":[],"values":[],"scatter":{},"groups":[],"height":300},"enabled":true,"results":{},"editorSetting":{"language":"sql","editOnDblClick":false},"editorMode":"ace/mode/osql"},"settings":{"params":{},"forms":{}},"results":{"code":"SUCCESS","msg":[]},"jobName":"paragraph_1539883532324_-817033767","id":"20181018-172532_37888805","dateCreated":"2018-02-05T23:12:46+0000","dateStarted":"2018-10-18T18:07:02+0000","dateFinished":"2018-10-18T18:07:02+0000","status":"FINISHED","progressUpdateIntervalMs":500,"commited":true,"$$hashKey":"object:39321"}],"name":"Association Rules","id":"17470","angularObjects":{"ORA22B3D2B113:shared_process":[],"ORAABFDBE7E68:shared_process":[],"ORA474E4AFC42:shared_process":[],"MDW381939C745:shared_process":[]},"config":{"looknfeel":"default","personalizedMode":"false"},"info":{}}